,Country Code,Year,Sightings
0,ARG,1959,0
1,AUS,1959,0
2,BRA,1959,0
3,CAN,1959,0
4,Channel Islands,1959,0
5,DNK,1959,0
6,HRV,1959,0
7,IND,1959,0
8,NLD,1959,0
9,USA,1959,1
10,United Kingdom,1959,0
11,Unspecified,1959,0
12,ARG,1963,0
13,AUS,1963,0
14,BRA,1963,0
15,CAN,1963,0
16,Channel Islands,1963,0
17,DNK,1963,0
18,HRV,1963,0
19,IND,1963,0
20,NLD,1963,0
21,USA,1963,1
22,United Kingdom,1963,0
23,Unspecified,1963,0
24,ARG,1965,0
25,AUS,1965,0
26,BRA,1965,0
27,CAN,1965,0
28,Channel Islands,1965,0
29,DNK,1965,0
30,HRV,1965,0
31,IND,1965,0
32,NLD,1965,0
33,USA,1965,1
34,United Kingdom,1965,0
35,Unspecified,1965,0
36,ARG,1976,0
37,AUS,1976,0
38,BRA,1976,0
39,CAN,1976,0
40,Channel Islands,1976,0
41,DNK,1976,0
42,HRV,1976,0
43,IND,1976,0
44,NLD,1976,0
45,USA,1976,1
46,United Kingdom,1976,0
47,Unspecified,1976,0
48,ARG,1977,0
49,AUS,1977,0
50,BRA,1977,0
51,CAN,1977,0
52,Channel Islands,1977,0
53,DNK,1977,0
54,HRV,1977,0
55,IND,1977,0
56,NLD,1977,0
57,USA,1977,1
58,United Kingdom,1977,0
59,Unspecified,1977,0
60,ARG,1979,0
61,AUS,1979,0
62,BRA,1979,0
63,CAN,1979,0
64,Channel Islands,1979,0
65,DNK,1979,0
66,HRV,1979,0
67,IND,1979,0
68,NLD,1979,0
69,USA,1979,1
70,United Kingdom,1979,0
71,Unspecified,1979,0
72,ARG,1980,0
73,AUS,1980,0
74,BRA,1980,0
75,CAN,1980,0
76,Channel Islands,1980,0
77,DNK,1980,0
78,HRV,1980,0
79,IND,1980,0
80,NLD,1980,0
81,USA,1980,2
82,United Kingdom,1980,0
83,Unspecified,1980,0
84,ARG,1986,0
85,AUS,1986,0
86,BRA,1986,0
87,CAN,1986,0
88,Channel Islands,1986,0
89,DNK,1986,0
90,HRV,1986,0
91,IND,1986,0
92,NLD,1986,0
93,USA,1986,1
94,United Kingdom,1986,0
95,Unspecified,1986,0
96,ARG,1989,0
97,AUS,1989,0
98,BRA,1989,0
99,CAN,1989,0
100,Channel Islands,1989,0
101,DNK,1989,0
102,HRV,1989,0
103,IND,1989,0
104,NLD,1989,0
105,USA,1989,3
106,United Kingdom,1989,0
107,Unspecified,1989,0
108,ARG,1995,0
109,AUS,1995,0
110,BRA,1995,0
111,CAN,1995,0
112,Channel Islands,1995,0
113,DNK,1995,0
114,HRV,1995,0
115,IND,1995,0
116,NLD,1995,0
117,USA,1995,4
118,United Kingdom,1995,0
119,Unspecified,1995,0
120,ARG,1997,0
121,AUS,1997,0
122,BRA,1997,0
123,CAN,1997,1
124,Channel Islands,1997,0
125,DNK,1997,0
126,HRV,1997,0
127,IND,1997,0
128,NLD,1997,0
129,USA,1997,2
130,United Kingdom,1997,0
131,Unspecified,1997,0
132,ARG,1998,0
133,AUS,1998,0
134,BRA,1998,0
135,CAN,1998,0
136,Channel Islands,1998,0
137,DNK,1998,0
138,HRV,1998,0
139,IND,1998,0
140,NLD,1998,0
141,USA,1998,2
142,United Kingdom,1998,0
143,Unspecified,1998,0
144,ARG,1999,0
145,AUS,1999,0
146,BRA,1999,0
147,CAN,1999,0
148,Channel Islands,1999,0
149,DNK,1999,0
150,HRV,1999,0
151,IND,1999,0
152,NLD,1999,0
153,USA,1999,2
154,United Kingdom,1999,0
155,Unspecified,1999,0
156,ARG,2000,0
157,AUS,2000,0
158,BRA,2000,0
159,CAN,2000,0
160,Channel Islands,2000,0
161,DNK,2000,0
162,HRV,2000,0
163,IND,2000,0
164,NLD,2000,0
165,USA,2000,2
166,United Kingdom,2000,0
167,Unspecified,2000,0
168,ARG,2001,0
169,AUS,2001,0
170,BRA,2001,0
171,CAN,2001,0
172,Channel Islands,2001,0
173,DNK,2001,0
174,HRV,2001,0
175,IND,2001,0
176,NLD,2001,0
177,USA,2001,2
178,United Kingdom,2001,0
179,Unspecified,2001,0
180,ARG,2002,0
181,AUS,2002,0
182,BRA,2002,0
183,CAN,2002,0
184,Channel Islands,2002,0
185,DNK,2002,1
186,HRV,2002,0
187,IND,2002,0
188,NLD,2002,0
189,USA,2002,2
190,United Kingdom,2002,0
191,Unspecified,2002,0
192,ARG,2003,1
193,AUS,2003,0
194,BRA,2003,0
195,CAN,2003,1
196,Channel Islands,2003,0
197,DNK,2003,0
198,HRV,2003,0
199,IND,2003,0
200,NLD,2003,0
201,USA,2003,5
202,United Kingdom,2003,0
203,Unspecified,2003,0
204,ARG,2004,0
205,AUS,2004,0
206,BRA,2004,0
207,CAN,2004,0
208,Channel Islands,2004,0
209,DNK,2004,0
210,HRV,2004,0
211,IND,2004,0
212,NLD,2004,0
213,USA,2004,4
214,United Kingdom,2004,1
215,Unspecified,2004,0
216,ARG,2005,0
217,AUS,2005,0
218,BRA,2005,0
219,CAN,2005,0
220,Channel Islands,2005,0
221,DNK,2005,0
222,HRV,2005,0
223,IND,2005,0
224,NLD,2005,1
225,USA,2005,4
226,United Kingdom,2005,0
227,Unspecified,2005,0
228,ARG,2006,0
229,AUS,2006,0
230,BRA,2006,0
231,CAN,2006,0
232,Channel Islands,2006,0
233,DNK,2006,0
234,HRV,2006,0
235,IND,2006,0
236,NLD,2006,0
237,USA,2006,5
238,United Kingdom,2006,0
239,Unspecified,2006,0
240,ARG,2007,0
241,AUS,2007,0
242,BRA,2007,0
243,CAN,2007,0
244,Channel Islands,2007,0
245,DNK,2007,0
246,HRV,2007,0
247,IND,2007,0
248,NLD,2007,0
249,USA,2007,4
250,United Kingdom,2007,0
251,Unspecified,2007,0
252,ARG,2008,0
253,AUS,2008,0
254,BRA,2008,1
255,CAN,2008,0
256,Channel Islands,2008,0
257,DNK,2008,0
258,HRV,2008,0
259,IND,2008,1
260,NLD,2008,0
261,USA,2008,3
262,United Kingdom,2008,0
263,Unspecified,2008,0
264,ARG,2009,0
265,AUS,2009,0
266,BRA,2009,0
267,CAN,2009,0
268,Channel Islands,2009,0
269,DNK,2009,0
270,HRV,2009,1
271,IND,2009,0
272,NLD,2009,0
273,USA,2009,4
274,United Kingdom,2009,0
275,Unspecified,2009,0
276,ARG,2010,0
277,AUS,2010,0
278,BRA,2010,0
279,CAN,2010,0
280,Channel Islands,2010,0
281,DNK,2010,0
282,HRV,2010,0
283,IND,2010,0
284,NLD,2010,0
285,USA,2010,3
286,United Kingdom,2010,0
287,Unspecified,2010,0
288,ARG,2011,0
289,AUS,2011,0
290,BRA,2011,0
291,CAN,2011,0
292,Channel Islands,2011,0
293,DNK,2011,0
294,HRV,2011,0
295,IND,2011,0
296,NLD,2011,0
297,USA,2011,2
298,United Kingdom,2011,0
299,Unspecified,2011,0
300,ARG,2012,0
301,AUS,2012,0
302,BRA,2012,0
303,CAN,2012,0
304,Channel Islands,2012,0
305,DNK,2012,0
306,HRV,2012,0
307,IND,2012,0
308,NLD,2012,0
309,USA,2012,9
310,United Kingdom,2012,0
311,Unspecified,2012,0
312,ARG,2013,0
313,AUS,2013,0
314,BRA,2013,0
315,CAN,2013,1
316,Channel Islands,2013,0
317,DNK,2013,0
318,HRV,2013,0
319,IND,2013,0
320,NLD,2013,0
321,USA,2013,7
322,United Kingdom,2013,0
323,Unspecified,2013,0
324,ARG,2014,0
325,AUS,2014,0
326,BRA,2014,0
327,CAN,2014,0
328,Channel Islands,2014,0
329,DNK,2014,0
330,HRV,2014,0
331,IND,2014,0
332,NLD,2014,0
333,USA,2014,6
334,United Kingdom,2014,0
335,Unspecified,2014,1
336,ARG,2015,0
337,AUS,2015,0
338,BRA,2015,0
339,CAN,2015,0
340,Channel Islands,2015,1
341,DNK,2015,0
342,HRV,2015,0
343,IND,2015,0
344,NLD,2015,0
345,USA,2015,4
346,United Kingdom,2015,1
347,Unspecified,2015,0
348,ARG,2016,0
349,AUS,2016,0
350,BRA,2016,0
351,CAN,2016,0
352,Channel Islands,2016,0
353,DNK,2016,0
354,HRV,2016,0
355,IND,2016,0
356,NLD,2016,0
357,USA,2016,11
358,United Kingdom,2016,0
359,Unspecified,2016,0
360,ARG,2017,0
361,AUS,2017,0
362,BRA,2017,0
363,CAN,2017,1
364,Channel Islands,2017,0
365,DNK,2017,0
366,HRV,2017,0
367,IND,2017,0
368,NLD,2017,0
369,USA,2017,9
370,United Kingdom,2017,0
371,Unspecified,2017,0
372,ARG,2018,0
373,AUS,2018,0
374,BRA,2018,0
375,CAN,2018,0
376,Channel Islands,2018,0
377,DNK,2018,0
378,HRV,2018,0
379,IND,2018,0
380,NLD,2018,0
381,USA,2018,2
382,United Kingdom,2018,0
383,Unspecified,2018,0
384,ARG,2019,0
385,AUS,2019,0
386,BRA,2019,0
387,CAN,2019,0
388,Channel Islands,2019,0
389,DNK,2019,0
390,HRV,2019,0
391,IND,2019,0
392,NLD,2019,0
393,USA,2019,6
394,United Kingdom,2019,0
395,Unspecified,2019,0
396,ARG,2020,0
397,AUS,2020,1
398,BRA,2020,0
399,CAN,2020,0
400,Channel Islands,2020,0
401,DNK,2020,0
402,HRV,2020,0
403,IND,2020,0
404,NLD,2020,0
405,USA,2020,12
406,United Kingdom,2020,0
407,Unspecified,2020,0
408,ARG,2021,0
409,AUS,2021,0
410,BRA,2021,0
411,CAN,2021,0
412,Channel Islands,2021,0
413,DNK,2021,0
414,HRV,2021,0
415,IND,2021,0
416,NLD,2021,0
417,USA,2021,4
418,United Kingdom,2021,0
419,Unspecified,2021,0
420,ARG,2022,0
421,AUS,2022,0
422,BRA,2022,0
423,CAN,2022,0
424,Channel Islands,2022,0
425,DNK,2022,0
426,HRV,2022,0
427,IND,2022,0
428,NLD,2022,0
429,USA,2022,3
430,United Kingdom,2022,0
431,Unspecified,2022,0
432,ARG,2023,0
433,AUS,2023,0
434,BRA,2023,0
435,CAN,2023,1
436,Channel Islands,2023,0
437,DNK,2023,0
438,HRV,2023,0
439,IND,2023,0
440,NLD,2023,0
441,USA,2023,3
442,United Kingdom,2023,0
443,Unspecified,2023,0
