,Country Code,Year,Sightings,Entity,Average Years of Schooling,Country Name_x,year_x,internet access_x,Country Name_y,year_y,internet access_y,rounded year,code,christianity_protestant,christianity_romancatholic,islam_other,islam_sunni,Regime_Type,Democracy_Index,Wealth_share_percent
0,ARG,1959,0,,,,,,,,,,,0,0,0,0,,,
1,AUS,1959,0,,,,,,,,,,,0,0,0,0,,,
2,BRA,1959,0,,,,,,,,,,,0,0,0,0,,,
3,CAN,1959,0,,,,,,,,,,,0,0,0,0,,,
4,Channel Islands,1959,0,,,,,,,,,,,0,0,0,0,,,
5,DNK,1959,0,,,,,,,,,,,0,0,0,0,,,
6,HRV,1959,0,,,,,,,,,,,0,0,0,0,,,
7,IND,1959,0,,,,,,,,,,,0,0,0,0,,,
8,NLD,1959,0,,,,,,,,,,,0,0,0,0,,,
9,USA,1959,1,,,,,,,,,,,0,0,0,0,,,
10,United Kingdom,1959,0,,,,,,,,,,,0,0,0,0,,,
11,Unspecified,1959,0,,,,,,,,,,,0,0,0,0,,,
12,ARG,1963,0,,,Argentina,1963.0,,Argentina,1963.0,,,,0,0,0,0,,,
13,AUS,1963,0,,,Australia,1963.0,,Australia,1963.0,,,,0,0,0,0,,,
14,BRA,1963,0,,,Brazil,1963.0,,Brazil,1963.0,,,,0,0,0,0,,,
15,CAN,1963,0,,,Canada,1963.0,,Canada,1963.0,,,,0,0,0,0,,,
16,Channel Islands,1963,0,,,,,,,,,,,0,0,0,0,,,
17,DNK,1963,0,,,Denmark,1963.0,,Denmark,1963.0,,,,0,0,0,0,,,
18,HRV,1963,0,,,Croatia,1963.0,,Croatia,1963.0,,,,0,0,0,0,,,
19,IND,1963,0,,,India,1963.0,,India,1963.0,,,,0,0,0,0,,,
20,NLD,1963,0,,,Netherlands,1963.0,,Netherlands,1963.0,,,,0,0,0,0,,,
21,USA,1963,1,,,United States,1963.0,,United States,1963.0,,,,0,0,0,0,,,
22,United Kingdom,1963,0,,,,,,,,,,,0,0,0,0,,,
23,Unspecified,1963,0,,,,,,,,,,,0,0,0,0,,,
24,ARG,1965,0,Argentina,5.6,Argentina,1965.0,,Argentina,1965.0,,1965.0,ARG,0,1,0,0,,,
25,AUS,1965,0,Australia,8.53,Australia,1965.0,,Australia,1965.0,,1965.0,AUS,0,1,0,0,,,
26,BRA,1965,0,Brazil,2.77,Brazil,1965.0,,Brazil,1965.0,,1965.0,BRA,0,1,0,0,,,
27,CAN,1965,0,Canada,8.32,Canada,1965.0,,Canada,1965.0,,1965.0,CAN,0,1,0,0,,,
28,Channel Islands,1965,0,,,,,,,,,,,0,0,0,0,,,
29,DNK,1965,0,Denmark,5.01,Denmark,1965.0,,Denmark,1965.0,,,,0,0,0,0,,,
30,HRV,1965,0,Croatia,6.45,Croatia,1965.0,,Croatia,1965.0,,,,0,0,0,0,,,
31,IND,1965,0,India,1.15,India,1965.0,,India,1965.0,,1965.0,IND,0,0,1,0,,,
32,NLD,1965,0,Netherlands,7.04,Netherlands,1965.0,,Netherlands,1965.0,,,,0,0,0,0,,,
33,USA,1965,1,United States,9.82,United States,1965.0,,United States,1965.0,,1965.0,USA,1,0,0,0,,,
34,United Kingdom,1965,0,,,,,,,,,,,0,0,0,0,,,
35,Unspecified,1965,0,,,,,,,,,,,0,0,0,0,,,
36,ARG,1976,0,,,Argentina,1976.0,,Argentina,1976.0,,,,0,0,0,0,,,
37,AUS,1976,0,,,Australia,1976.0,,Australia,1976.0,,,,0,0,0,0,,,
38,BRA,1976,0,,,Brazil,1976.0,,Brazil,1976.0,,,,0,0,0,0,,,
39,CAN,1976,0,,,Canada,1976.0,,Canada,1976.0,,,,0,0,0,0,,,
40,Channel Islands,1976,0,,,,,,,,,,,0,0,0,0,,,
41,DNK,1976,0,,,Denmark,1976.0,,Denmark,1976.0,,,,0,0,0,0,,,
42,HRV,1976,0,,,Croatia,1976.0,,Croatia,1976.0,,,,0,0,0,0,,,
43,IND,1976,0,,,India,1976.0,,India,1976.0,,,,0,0,0,0,,,
44,NLD,1976,0,,,Netherlands,1976.0,,Netherlands,1976.0,,,,0,0,0,0,,,
45,USA,1976,1,,,United States,1976.0,,United States,1976.0,,,,0,0,0,0,,,
46,United Kingdom,1976,0,,,,,,,,,,,0,0,0,0,,,
47,Unspecified,1976,0,,,,,,,,,,,0,0,0,0,,,
48,ARG,1977,0,,,Argentina,1977.0,,Argentina,1977.0,,,,0,0,0,0,,,
49,AUS,1977,0,,,Australia,1977.0,,Australia,1977.0,,,,0,0,0,0,,,
50,BRA,1977,0,,,Brazil,1977.0,,Brazil,1977.0,,,,0,0,0,0,,,
51,CAN,1977,0,,,Canada,1977.0,,Canada,1977.0,,,,0,0,0,0,,,
52,Channel Islands,1977,0,,,,,,,,,,,0,0,0,0,,,
53,DNK,1977,0,,,Denmark,1977.0,,Denmark,1977.0,,,,0,0,0,0,,,
54,HRV,1977,0,,,Croatia,1977.0,,Croatia,1977.0,,,,0,0,0,0,,,
55,IND,1977,0,,,India,1977.0,,India,1977.0,,,,0,0,0,0,,,
56,NLD,1977,0,,,Netherlands,1977.0,,Netherlands,1977.0,,,,0,0,0,0,,,
57,USA,1977,1,,,United States,1977.0,,United States,1977.0,,,,0,0,0,0,,,
58,United Kingdom,1977,0,,,,,,,,,,,0,0,0,0,,,
59,Unspecified,1977,0,,,,,,,,,,,0,0,0,0,,,
60,ARG,1979,0,,,Argentina,1979.0,,Argentina,1979.0,,,,0,0,0,0,,,
61,AUS,1979,0,,,Australia,1979.0,,Australia,1979.0,,,,0,0,0,0,,,
62,BRA,1979,0,,,Brazil,1979.0,,Brazil,1979.0,,,,0,0,0,0,,,
63,CAN,1979,0,,,Canada,1979.0,,Canada,1979.0,,,,0,0,0,0,,,
64,Channel Islands,1979,0,,,,,,,,,,,0,0,0,0,,,
65,DNK,1979,0,,,Denmark,1979.0,,Denmark,1979.0,,,,0,0,0,0,,,
66,HRV,1979,0,,,Croatia,1979.0,,Croatia,1979.0,,,,0,0,0,0,,,
67,IND,1979,0,,,India,1979.0,,India,1979.0,,,,0,0,0,0,,,
68,NLD,1979,0,,,Netherlands,1979.0,,Netherlands,1979.0,,,,0,0,0,0,,,
69,USA,1979,1,,,United States,1979.0,,United States,1979.0,,,,0,0,0,0,,,
70,United Kingdom,1979,0,,,,,,,,,,,0,0,0,0,,,
71,Unspecified,1979,0,,,,,,,,,,,0,0,0,0,,,
72,ARG,1980,0,Argentina,6.72,Argentina,1980.0,,Argentina,1980.0,,1980.0,ARG,0,1,0,0,,,
73,AUS,1980,0,Australia,10.79,Australia,1980.0,,Australia,1980.0,,1980.0,AUS,0,1,0,0,,,
74,BRA,1980,0,Brazil,2.93,Brazil,1980.0,,Brazil,1980.0,,1980.0,BRA,0,1,0,0,,,
75,CAN,1980,0,Canada,9.84,Canada,1980.0,,Canada,1980.0,,1980.0,CAN,0,1,0,0,,,
76,Channel Islands,1980,0,,,,,,,,,,,0,0,0,0,,,
77,DNK,1980,0,Denmark,7.31,Denmark,1980.0,,Denmark,1980.0,,,,0,0,0,0,,,
78,HRV,1980,0,Croatia,7.85,Croatia,1980.0,,Croatia,1980.0,,,,0,0,0,0,,,
79,IND,1980,0,India,1.87,India,1980.0,,India,1980.0,,1980.0,IND,0,0,1,0,,,
80,NLD,1980,0,Netherlands,9.25,Netherlands,1980.0,,Netherlands,1980.0,,,,0,0,0,0,,,
81,USA,1980,2,United States,11.94,United States,1980.0,,United States,1980.0,,1980.0,USA,1,0,0,0,,,
82,United Kingdom,1980,0,,,,,,,,,,,0,0,0,0,,,
83,Unspecified,1980,0,,,,,,,,,,,0,0,0,0,,,
84,ARG,1986,0,,,Argentina,1986.0,,Argentina,1986.0,,,,0,0,0,0,,,
85,AUS,1986,0,,,Australia,1986.0,,Australia,1986.0,,,,0,0,0,0,,,
86,BRA,1986,0,,,Brazil,1986.0,,Brazil,1986.0,,,,0,0,0,0,,,
87,CAN,1986,0,,,Canada,1986.0,,Canada,1986.0,,,,0,0,0,0,,,
88,Channel Islands,1986,0,,,,,,,,,,,0,0,0,0,,,
89,DNK,1986,0,,,Denmark,1986.0,,Denmark,1986.0,,,,0,0,0,0,,,
90,HRV,1986,0,,,Croatia,1986.0,,Croatia,1986.0,,,,0,0,0,0,,,
91,IND,1986,0,,,India,1986.0,,India,1986.0,,,,0,0,0,0,,,
92,NLD,1986,0,,,Netherlands,1986.0,,Netherlands,1986.0,,,,0,0,0,0,,,
93,USA,1986,1,,,United States,1986.0,,United States,1986.0,,,,0,0,0,0,,,
94,United Kingdom,1986,0,,,,,,,,,,,0,0,0,0,,,
95,Unspecified,1986,0,,,,,,,,,,,0,0,0,0,,,
96,ARG,1989,0,,,Argentina,1989.0,,Argentina,1989.0,,,,0,0,0,0,,,
97,AUS,1989,0,,,Australia,1989.0,,Australia,1989.0,,,,0,0,0,0,,,
98,BRA,1989,0,,,Brazil,1989.0,,Brazil,1989.0,,,,0,0,0,0,,,
99,CAN,1989,0,,,Canada,1989.0,,Canada,1989.0,,,,0,0,0,0,,,
100,Channel Islands,1989,0,,,,,,,,,,,0,0,0,0,,,
101,DNK,1989,0,,,Denmark,1989.0,,Denmark,1989.0,,,,0,0,0,0,,,
102,HRV,1989,0,,,Croatia,1989.0,,Croatia,1989.0,,,,0,0,0,0,,,
103,IND,1989,0,,,India,1989.0,,India,1989.0,,,,0,0,0,0,,,
104,NLD,1989,0,,,Netherlands,1989.0,,Netherlands,1989.0,,,,0,0,0,0,,,
105,USA,1989,3,,,United States,1989.0,,United States,1989.0,,,,0,0,0,0,,,
106,United Kingdom,1989,0,,,,,,,,,,,0,0,0,0,,,
107,Unspecified,1989,0,,,,,,,,,,,0,0,0,0,,,
108,ARG,1995,0,Argentina,8.3,Argentina,1995.0,0.086277081,Argentina,1995.0,0.086277081,1995.0,ARG,0,1,0,0,,,
109,AUS,1995,0,Australia,11.8,Australia,1995.0,2.759654513,Australia,1995.0,2.759654513,1995.0,AUS,0,1,0,0,,,
110,BRA,1995,0,Brazil,4.6,Brazil,1995.0,0.105138168,Brazil,1995.0,0.105138168,1995.0,BRA,0,1,0,0,,,
111,CAN,1995,0,Canada,10.6,Canada,1995.0,4.163525253,Canada,1995.0,4.163525253,1995.0,CAN,0,1,0,0,,,
112,Channel Islands,1995,0,,,,,,,,,,,0,0,0,0,,,
113,DNK,1995,0,Denmark,9.9,Denmark,1995.0,3.82565642,Denmark,1995.0,3.82565642,,,0,0,0,0,,,
114,HRV,1995,0,Croatia,7.3,Croatia,1995.0,0.51402859,Croatia,1995.0,0.51402859,,,0,0,0,0,,,
115,IND,1995,0,India,3.5,India,1995.0,0.026228879,India,1995.0,0.026228879,1995.0,IND,0,0,1,0,,,
116,NLD,1995,0,Netherlands,10.5,Netherlands,1995.0,6.47315766,Netherlands,1995.0,6.47315766,,,0,0,0,0,,,
117,USA,1995,4,United States,12.7,United States,1995.0,9.237088297,United States,1995.0,9.237088297,1995.0,USA,1,0,0,0,,,
118,United Kingdom,1995,0,,,,,,,,,,,0,0,0,0,,,
119,Unspecified,1995,0,,,,,,,,,,,0,0,0,0,,,
120,ARG,1997,0,Argentina,8.6,Argentina,1997.0,0.280339882,Argentina,1997.0,0.280339882,,,0,0,0,0,,,
121,AUS,1997,0,Australia,11.8,Australia,1997.0,16.36935838,Australia,1997.0,16.36935838,,,0,0,0,0,,,
122,BRA,1997,0,Brazil,5.0,Brazil,1997.0,0.786079155,Brazil,1997.0,0.786079155,,,0,0,0,0,,,
123,CAN,1997,1,Canada,10.8,Canada,1997.0,15.07235736,Canada,1997.0,15.07235736,,,0,0,0,0,,,
124,Channel Islands,1997,0,,,,,,,,,,,0,0,0,0,,,
125,DNK,1997,0,Denmark,10.2,Denmark,1997.0,11.38200494,Denmark,1997.0,11.38200494,,,0,0,0,0,,,
126,HRV,1997,0,Croatia,8.2,Croatia,1997.0,1.729609312,Croatia,1997.0,1.729609312,,,0,0,0,0,,,
127,IND,1997,0,India,3.9,India,1997.0,0.070767849,India,1997.0,0.070767849,,,0,0,0,0,,,
128,NLD,1997,0,Netherlands,10.6,Netherlands,1997.0,14.0655114,Netherlands,1997.0,14.0655114,,,0,0,0,0,,,
129,USA,1997,2,United States,12.7,United States,1997.0,21.61640097,United States,1997.0,21.61640097,,,0,0,0,0,,,
130,United Kingdom,1997,0,,,,,,,,,,,0,0,0,0,,,
131,Unspecified,1997,0,,,,,,,,,,,0,0,0,0,,,
132,ARG,1998,0,Argentina,8.8,Argentina,1998.0,0.83076668,Argentina,1998.0,0.83076668,,,0,0,0,0,,,
133,AUS,1998,0,Australia,11.8,Australia,1998.0,30.81323944,Australia,1998.0,30.81323944,,,0,0,0,0,,,
134,BRA,1998,0,Brazil,5.2,Brazil,1998.0,1.477874959,Brazil,1998.0,1.477874959,,,0,0,0,0,,,
135,CAN,1998,0,Canada,10.8,Canada,1998.0,24.8974003,Canada,1998.0,24.8974003,,,0,0,0,0,,,
136,Channel Islands,1998,0,,,,,,,,,,,0,0,0,0,,,
137,DNK,1998,0,Denmark,10.4,Denmark,1998.0,22.66874615,Denmark,1998.0,22.66874615,,,0,0,0,0,,,
138,HRV,1998,0,Croatia,8.6,Croatia,1998.0,3.273220279,Croatia,1998.0,3.273220279,,,0,0,0,0,,,
139,IND,1998,0,India,4.0,India,1998.0,0.139027329,India,1998.0,0.139027329,,,0,0,0,0,,,
140,NLD,1998,0,Netherlands,10.7,Netherlands,1998.0,22.24382769,Netherlands,1998.0,22.24382769,,,0,0,0,0,,,
141,USA,1998,2,United States,12.7,United States,1998.0,30.09319659,United States,1998.0,30.09319659,,,0,0,0,0,,,
142,United Kingdom,1998,0,,,,,,,,,,,0,0,0,0,,,
143,Unspecified,1998,0,,,,,,,,,,,0,0,0,0,,,
144,ARG,1999,0,Argentina,8.9,Argentina,1999.0,3.284481956,Argentina,1999.0,3.284481956,,,0,0,0,0,,,
145,AUS,1999,0,Australia,11.9,Australia,1999.0,40.7837839,Australia,1999.0,40.7837839,,,0,0,0,0,,,
146,BRA,1999,0,Brazil,5.4,Brazil,1999.0,2.038732184,Brazil,1999.0,2.038732184,,,0,0,0,0,,,
147,CAN,1999,0,Canada,10.9,Canada,1999.0,36.18644004,Canada,1999.0,36.18644004,,,0,0,0,0,,,
148,Channel Islands,1999,0,,,,,,,,,,,0,0,0,0,,,
149,DNK,1999,0,Denmark,10.6,Denmark,1999.0,30.59204065,Denmark,1999.0,30.59204065,,,0,0,0,0,,,
150,HRV,1999,0,Croatia,9.0,Croatia,1999.0,4.405359119,Croatia,1999.0,4.405359119,,,0,0,0,0,,,
151,IND,1999,0,India,4.2,India,1999.0,0.273224277,India,1999.0,0.273224277,,,0,0,0,0,,,
152,NLD,1999,0,Netherlands,10.8,Netherlands,1999.0,39.17600725,Netherlands,1999.0,39.17600725,,,0,0,0,0,,,
153,USA,1999,2,United States,12.7,United States,1999.0,35.84872446,United States,1999.0,35.84872446,,,0,0,0,0,,,
154,United Kingdom,1999,0,,,,,,,,,,,0,0,0,0,,,
155,Unspecified,1999,0,,,,,,,,,,,0,0,0,0,,,
156,ARG,2000,0,Argentina,9.1,Argentina,2000.0,7.038683086,Argentina,2000.0,7.038683086,2000.0,ARG,0,1,0,0,,,
157,AUS,2000,0,Australia,11.9,Australia,2000.0,46.75611561,Australia,2000.0,46.75611561,2000.0,AUS,0,1,0,0,,,
158,BRA,2000,0,Brazil,5.6,Brazil,2000.0,2.870685159,Brazil,2000.0,2.870685159,2000.0,BRA,0,1,0,0,,,
159,CAN,2000,0,Canada,11.0,Canada,2000.0,51.3,Canada,2000.0,51.3,2000.0,CAN,0,1,0,0,,,2.2
160,Channel Islands,2000,0,,,,,,,,,,,0,0,0,0,,,
161,DNK,2000,0,Denmark,10.7,Denmark,2000.0,39.17243086,Denmark,2000.0,39.17243086,,,0,0,0,0,,,
162,HRV,2000,0,Croatia,9.4,Croatia,2000.0,6.644882544,Croatia,2000.0,6.644882544,,,0,0,0,0,,,
163,IND,2000,0,India,4.4,India,2000.0,0.52753245,India,2000.0,0.52753245,2000.0,IND,0,0,0,1,,,
164,NLD,2000,0,Netherlands,10.8,Netherlands,2000.0,43.98435137,Netherlands,2000.0,43.98435137,,,0,0,0,0,,,
165,USA,2000,2,United States,12.7,United States,2000.0,43.07916264,United States,2000.0,43.07916264,2000.0,USA,1,0,0,0,,,36.9
166,United Kingdom,2000,0,,,,,,,,,,,0,0,0,0,,,5.6
167,Unspecified,2000,0,,,,,,,,,,,0,0,0,0,,,
168,ARG,2001,0,Argentina,9.1,Argentina,2001.0,9.780807285,Argentina,2001.0,9.780807285,,,0,0,0,0,,,
169,AUS,2001,0,Australia,11.9,Australia,2001.0,52.68926643,Australia,2001.0,52.68926643,,,0,0,0,0,,,
170,BRA,2001,0,Brazil,5.8,Brazil,2001.0,4.528494869,Brazil,2001.0,4.528494869,,,0,0,0,0,,,
171,CAN,2001,0,Canada,11.2,Canada,2001.0,60.2,Canada,2001.0,60.2,,,0,0,0,0,,,2.1
172,Channel Islands,2001,0,,,,,,,,,,,0,0,0,0,,,
173,DNK,2001,0,Denmark,11.4,Denmark,2001.0,42.95752472,Denmark,2001.0,42.95752472,,,0,0,0,0,,,
174,HRV,2001,0,Croatia,9.8,Croatia,2001.0,11.55857318,Croatia,2001.0,11.55857318,,,0,0,0,0,,,
175,IND,2001,0,India,4.5,India,2001.0,0.660146377,India,2001.0,0.660146377,,,0,0,0,0,,,
176,NLD,2001,0,Netherlands,11.0,Netherlands,2001.0,49.37306211,Netherlands,2001.0,49.37306211,,,0,0,0,0,,,
177,USA,2001,2,United States,12.7,United States,2001.0,49.08083159,United States,2001.0,49.08083159,,,0,0,0,0,,,38.8
178,United Kingdom,2001,0,,,,,,,,,,,0,0,0,0,,,5.6
179,Unspecified,2001,0,,,,,,,,,,,0,0,0,0,,,
180,ARG,2002,0,Argentina,9.2,Argentina,2002.0,10.88212438,Argentina,2002.0,10.88212438,,,0,0,0,0,,,
181,AUS,2002,0,Australia,11.8,Australia,2002.0,,Australia,2002.0,,,,0,0,0,0,,,
182,BRA,2002,0,Brazil,6.0,Brazil,2002.0,9.149425086,Brazil,2002.0,9.149425086,,,0,0,0,0,,,
183,CAN,2002,0,Canada,11.5,Canada,2002.0,61.59329927,Canada,2002.0,61.59329927,,,0,0,0,0,,,2.0
184,Channel Islands,2002,0,,,,,,,,,,,0,0,0,0,,,
185,DNK,2002,1,Denmark,12.1,Denmark,2002.0,64.25,Denmark,2002.0,64.25,,,0,0,0,0,,,
186,HRV,2002,0,Croatia,9.8,Croatia,2002.0,17.76,Croatia,2002.0,17.76,,,0,0,0,0,,,
187,IND,2002,0,India,4.6,India,2002.0,1.537875582,India,2002.0,1.537875582,,,0,0,0,0,,,
188,NLD,2002,0,Netherlands,11.1,Netherlands,2002.0,61.29,Netherlands,2002.0,61.29,,,0,0,0,0,,,
189,USA,2002,2,United States,12.7,United States,2002.0,58.78540388,United States,2002.0,58.78540388,,,0,0,0,0,,,35.1
190,United Kingdom,2002,0,,,,,,,,,,,0,0,0,0,,,6.1
191,Unspecified,2002,0,,,,,,,,,,,0,0,0,0,,,
192,ARG,2003,1,Argentina,9.3,Argentina,2003.0,11.91369655,Argentina,2003.0,11.91369655,,,0,0,0,0,,,
193,AUS,2003,0,Australia,11.8,Australia,2003.0,,Australia,2003.0,,,,0,0,0,0,,,1.9
194,BRA,2003,0,Brazil,6.2,Brazil,2003.0,13.2075861,Brazil,2003.0,13.2075861,,,0,0,0,0,,,
195,CAN,2003,1,Canada,11.7,Canada,2003.0,64.2,Canada,2003.0,64.2,,,0,0,0,0,,,2.2
196,Channel Islands,2003,0,,,,,,,,,,,0,0,0,0,,,
197,DNK,2003,0,Denmark,12.8,Denmark,2003.0,76.26,Denmark,2003.0,76.26,,,0,0,0,0,,,
198,HRV,2003,0,Croatia,9.8,Croatia,2003.0,22.75,Croatia,2003.0,22.75,,,0,0,0,0,,,
199,IND,2003,0,India,4.7,India,2003.0,1.686489971,India,2003.0,1.686489971,,,0,0,0,0,,,
200,NLD,2003,0,Netherlands,11.3,Netherlands,2003.0,64.35,Netherlands,2003.0,64.35,,,0,0,0,0,,,
201,USA,2003,5,United States,12.8,United States,2003.0,61.69711712,United States,2003.0,61.69711712,,,0,0,0,0,,,32.8
202,United Kingdom,2003,0,,,,,,,,,,,0,0,0,0,,,6.2
203,Unspecified,2003,0,,,,,,,,,,,0,0,0,0,,,
204,ARG,2004,0,Argentina,9.2,Argentina,2004.0,16.03668411,Argentina,2004.0,16.03668411,,,0,0,0,0,,,
205,AUS,2004,0,Australia,11.8,Australia,2004.0,,Australia,2004.0,,,,0,0,0,0,,,1.9
206,BRA,2004,0,Brazil,6.2,Brazil,2004.0,19.07367227,Brazil,2004.0,19.07367227,,,0,0,0,0,,,
207,CAN,2004,0,Canada,12.0,Canada,2004.0,65.95596346,Canada,2004.0,65.95596346,,,0,0,0,0,,,2.2
208,Channel Islands,2004,0,,,,,,,,,,,0,0,0,0,,,
209,DNK,2004,0,Denmark,12.8,Denmark,2004.0,80.93,Denmark,2004.0,80.93,,,0,0,0,0,,,
210,HRV,2004,0,Croatia,9.7,Croatia,2004.0,30.91,Croatia,2004.0,30.91,,,0,0,0,0,,,
211,IND,2004,0,India,4.7,India,2004.0,1.976136492,India,2004.0,1.976136492,,,0,0,0,0,,,
212,NLD,2004,0,Netherlands,11.5,Netherlands,2004.0,68.52,Netherlands,2004.0,68.52,,,0,0,0,0,,,
213,USA,2004,4,United States,12.8,United States,2004.0,64.75825648,United States,2004.0,64.75825648,,,0,0,0,0,,,32.5
214,United Kingdom,2004,1,,,,,,,,,,,0,0,0,0,,,6.5
215,Unspecified,2004,0,,,,,,,,,,,0,0,0,0,,,
216,ARG,2005,0,Argentina,9.1,Argentina,2005.0,17.72058337,Argentina,2005.0,17.72058337,2005.0,ARG,0,1,0,0,,,
217,AUS,2005,0,Australia,11.7,Australia,2005.0,63.0,Australia,2005.0,63.0,2005.0,AUS,0,1,0,0,,,
218,BRA,2005,0,Brazil,6.3,Brazil,2005.0,21.02274725,Brazil,2005.0,21.02274725,2005.0,BRA,0,1,0,0,,,
219,CAN,2005,0,Canada,12.2,Canada,2005.0,71.66,Canada,2005.0,71.66,2005.0,CAN,0,1,0,0,,,2.4
220,Channel Islands,2005,0,,,,,,,,,,,0,0,0,0,,,
221,DNK,2005,0,Denmark,12.8,Denmark,2005.0,82.74,Denmark,2005.0,82.74,,,0,0,0,0,,,
222,HRV,2005,0,Croatia,9.7,Croatia,2005.0,33.14,Croatia,2005.0,33.14,,,0,0,0,0,,,
223,IND,2005,0,India,4.8,India,2005.0,2.388075,India,2005.0,2.388075,2005.0,IND,0,0,0,1,,,
224,NLD,2005,1,Netherlands,11.6,Netherlands,2005.0,81.0,Netherlands,2005.0,81.0,,,0,0,0,0,,,
225,USA,2005,4,United States,12.8,United States,2005.0,67.96805292,United States,2005.0,67.96805292,2005.0,USA,1,0,0,0,,,34.4
226,United Kingdom,2005,0,,,,,,,,,,,0,0,0,0,,,6.0
227,Unspecified,2005,0,,,,,,,,,,,0,0,0,0,,,
228,ARG,2006,0,Argentina,9.0,Argentina,2006.0,20.9272021,Argentina,2006.0,20.9272021,,,0,0,0,0,,,
229,AUS,2006,0,Australia,11.9,Australia,2006.0,66.0,Australia,2006.0,66.0,,,0,0,0,0,,,2.0
230,BRA,2006,0,Brazil,6.4,Brazil,2006.0,28.17838018,Brazil,2006.0,28.17838018,,,0,0,0,0,,,
231,CAN,2006,0,Canada,12.3,Canada,2006.0,72.4,Canada,2006.0,72.4,,,0,0,0,0,,,2.3
232,Channel Islands,2006,0,,,,,,,,,,,0,0,0,0,,,
233,DNK,2006,0,Denmark,12.8,Denmark,2006.0,86.65,Denmark,2006.0,86.65,,,0,0,0,0,,,
234,HRV,2006,0,Croatia,9.9,Croatia,2006.0,37.98,Croatia,2006.0,37.98,,,0,0,0,0,,,
235,IND,2006,0,India,4.9,India,2006.0,2.805499865,India,2006.0,2.805499865,,,0,0,0,0,,,
236,NLD,2006,0,Netherlands,11.8,Netherlands,2006.0,83.7,Netherlands,2006.0,83.7,,,0,0,0,0,,,
237,USA,2006,5,United States,12.8,United States,2006.0,68.93119327,United States,2006.0,68.93119327,,,0,0,0,0,,,32.3
238,United Kingdom,2006,0,,,,,,,,,,,0,0,0,0,,,6.4
239,Unspecified,2006,0,,,,,,,,,,,0,0,0,0,,,
240,ARG,2007,0,Argentina,8.9,Argentina,2007.0,25.94663294,Argentina,2007.0,25.94663294,,,0,0,0,0,,,
241,AUS,2007,0,Australia,12.0,Australia,2007.0,69.45,Australia,2007.0,69.45,,,0,0,0,0,,,2.3
242,BRA,2007,0,Brazil,6.5,Brazil,2007.0,30.88,Brazil,2007.0,30.88,,,0,0,0,0,,,
243,CAN,2007,0,Canada,12.4,Canada,2007.0,73.2,Canada,2007.0,73.2,,,0,0,0,0,,,2.6
244,Channel Islands,2007,0,,,,,,,,,,,0,0,0,0,,,
245,DNK,2007,0,Denmark,12.5,Denmark,2007.0,85.03,Denmark,2007.0,85.03,,,0,0,0,0,,,
246,HRV,2007,0,Croatia,10.1,Croatia,2007.0,41.44,Croatia,2007.0,41.44,,,0,0,0,0,,,
247,IND,2007,0,India,5.0,India,2007.0,3.95,India,2007.0,3.95,,,0,0,0,0,,,
248,NLD,2007,0,Netherlands,12.0,Netherlands,2007.0,85.82,Netherlands,2007.0,85.82,,,0,0,0,0,,,
249,USA,2007,4,United States,12.9,United States,2007.0,75.0,United States,2007.0,75.0,,,0,0,0,0,,,29.3
250,United Kingdom,2007,0,,,,,,,,,,,0,0,0,0,,,6.2
251,Unspecified,2007,0,,,,,,,,,,,0,0,0,0,,,
252,ARG,2008,0,Argentina,8.9,Argentina,2008.0,28.11262348,Argentina,2008.0,28.11262348,,,0,0,0,0,,,
253,AUS,2008,0,Australia,12.3,Australia,2008.0,71.67,Australia,2008.0,71.67,,,0,0,0,0,,,
254,BRA,2008,1,Brazil,6.7,Brazil,2008.0,33.83,Brazil,2008.0,33.83,,,0,0,0,0,,,
255,CAN,2008,0,Canada,12.4,Canada,2008.0,76.7,Canada,2008.0,76.7,,,0,0,0,0,,,2.2
256,Channel Islands,2008,0,,,,,,,,,,,0,0,0,0,,,
257,DNK,2008,0,Denmark,12.9,Denmark,2008.0,85.02,Denmark,2008.0,85.02,,,0,0,0,0,,,
258,HRV,2008,0,Croatia,10.3,Croatia,2008.0,44.24,Croatia,2008.0,44.24,,,0,0,0,0,,,
259,IND,2008,1,India,5.2,India,2008.0,4.38,India,2008.0,4.38,,,0,0,0,0,,,2.2
260,NLD,2008,0,Netherlands,12.0,Netherlands,2008.0,87.42,Netherlands,2008.0,87.42,,,0,0,0,0,,,
261,USA,2008,3,United States,13.2,United States,2008.0,74.0,United States,2008.0,74.0,,,0,0,0,0,,,27.5
262,United Kingdom,2008,0,,,,,,,,,,,0,0,0,0,,,4.4
263,Unspecified,2008,0,,,,,,,,,,,0,0,0,0,,,
264,ARG,2009,0,Argentina,9.3,Argentina,2009.0,34.0,Argentina,2009.0,34.0,,,0,0,0,0,,,
265,AUS,2009,0,Australia,12.3,Australia,2009.0,74.25,Australia,2009.0,74.25,,,0,0,0,0,,,2.4
266,BRA,2009,0,Brazil,6.8,Brazil,2009.0,39.22,Brazil,2009.0,39.22,,,0,0,0,0,,,
267,CAN,2009,0,Canada,12.5,Canada,2009.0,80.3,Canada,2009.0,80.3,,,0,0,0,0,,,2.6
268,Channel Islands,2009,0,,,,,,,,,,,0,0,0,0,,,
269,DNK,2009,0,Denmark,12.7,Denmark,2009.0,86.84,Denmark,2009.0,86.84,,,0,0,0,0,,,
270,HRV,2009,1,Croatia,10.6,Croatia,2009.0,50.58,Croatia,2009.0,50.58,,,0,0,0,0,,,
271,IND,2009,0,India,5.3,India,2009.0,5.12,India,2009.0,5.12,,,0,0,0,0,,,
272,NLD,2009,0,Netherlands,11.9,Netherlands,2009.0,89.63,Netherlands,2009.0,89.63,,,0,0,0,0,,,
273,USA,2009,4,United States,13.2,United States,2009.0,71.0,United States,2009.0,71.0,,,0,0,0,0,,,26.3
274,United Kingdom,2009,0,,,,,,,,,,,0,0,0,0,,,4.8
275,Unspecified,2009,0,,,,,,,,,,,0,0,0,0,,,
276,ARG,2010,0,Argentina,9.8,Argentina,2010.0,45.0,Argentina,2010.0,45.0,2010.0,ARG,0,1,0,0,Flawed democracy,6.84,
277,AUS,2010,0,Australia,12.4,Australia,2010.0,76.0,Australia,2010.0,76.0,2010.0,AUS,0,1,0,0,Full democracy,9.22,
278,BRA,2010,0,Brazil,6.9,Brazil,2010.0,40.65,Brazil,2010.0,40.65,2010.0,BRA,0,1,0,0,Flawed democracy,7.12,
279,CAN,2010,0,Canada,12.6,Canada,2010.0,80.3,Canada,2010.0,80.3,2010.0,CAN,0,1,0,0,Full democracy,9.08,2.7
280,Channel Islands,2010,0,,,,,,,,,,,0,0,0,0,,,
281,DNK,2010,0,Denmark,12.7,Denmark,2010.0,88.72,Denmark,2010.0,88.72,,,0,0,0,0,Full democracy,9.52,
282,HRV,2010,0,Croatia,10.8,Croatia,2010.0,56.55,Croatia,2010.0,56.55,,,0,0,0,0,Flawed democracy,6.81,
283,IND,2010,0,India,5.4,India,2010.0,7.5,India,2010.0,7.5,2010.0,IND,0,0,0,1,Flawed democracy,7.28,2.7
284,NLD,2010,0,Netherlands,12.0,Netherlands,2010.0,90.72,Netherlands,2010.0,90.72,,,0,0,0,0,Full democracy,8.99,
285,USA,2010,3,United States,13.2,United States,2010.0,71.69,United States,2010.0,71.69,2010.0,USA,1,0,0,0,Flawed democracy,8.18,25.7
286,United Kingdom,2010,0,,,,,,,,,,,0,0,0,0,Full democracy,8.16,4.4
287,Unspecified,2010,0,,,,,,,,,,,0,0,0,0,,,
288,ARG,2011,0,Argentina,9.8,Argentina,2011.0,51.0,Argentina,2011.0,51.0,,,0,0,0,0,Flawed democracy,6.84,
289,AUS,2011,0,Australia,12.5,Australia,2011.0,79.48769771,Australia,2011.0,79.48769771,,,0,0,0,0,Full democracy,9.22,
290,BRA,2011,0,Brazil,7.1,Brazil,2011.0,45.69,Brazil,2011.0,45.69,,,0,0,0,0,Flawed democracy,7.12,
291,CAN,2011,0,Canada,12.7,Canada,2011.0,83.0,Canada,2011.0,83.0,,,0,0,0,0,Full democracy,9.08,2.7
292,Channel Islands,2011,0,,,,,,,,,,,0,0,0,0,,,
293,DNK,2011,0,Denmark,12.7,Denmark,2011.0,89.81001339,Denmark,2011.0,89.81001339,,,0,0,0,0,Full democracy,9.52,
294,HRV,2011,0,Croatia,11.0,Croatia,2011.0,57.78997899,Croatia,2011.0,57.78997899,,,0,0,0,0,Flawed democracy,6.73,
295,IND,2011,0,India,5.4,India,2011.0,10.07,India,2011.0,10.07,,,0,0,0,0,Flawed democracy,7.3,2.5
296,NLD,2011,0,Netherlands,12.0,Netherlands,2011.0,91.41999576,Netherlands,2011.0,91.41999576,,,0,0,0,0,Full democracy,8.99,
297,USA,2011,2,United States,13.3,United States,2011.0,69.72946076,United States,2011.0,69.72946076,,,0,0,0,0,Flawed democracy,8.11,25.2
298,United Kingdom,2011,0,,,,,,,,,,,0,0,0,0,Full democracy,8.16,4.5
299,Unspecified,2011,0,,,,,,,,,,,0,0,0,0,,,
300,ARG,2012,0,Argentina,9.8,Argentina,2012.0,55.8,Argentina,2012.0,55.8,,,0,0,0,0,Flawed democracy,6.84,
301,AUS,2012,0,Australia,12.6,Australia,2012.0,79.0,Australia,2012.0,79.0,,,0,0,0,0,Full democracy,9.22,
302,BRA,2012,0,Brazil,7.3,Brazil,2012.0,48.56,Brazil,2012.0,48.56,,,0,0,0,0,Flawed democracy,7.12,
303,CAN,2012,0,Canada,12.8,Canada,2012.0,83.0,Canada,2012.0,83.0,,,0,0,0,0,Full democracy,9.08,2.8
304,Channel Islands,2012,0,,,,,,,,,,,0,0,0,0,,,
305,DNK,2012,0,Denmark,12.8,Denmark,2012.0,92.26001172,Denmark,2012.0,92.26001172,,,0,0,0,0,Full democracy,9.52,
306,HRV,2012,0,Croatia,11.0,Croatia,2012.0,61.93997315,Croatia,2012.0,61.93997315,,,0,0,0,0,Flawed democracy,6.93,
307,IND,2012,0,India,5.6,India,2012.0,11.1,India,2012.0,11.1,,,0,0,0,0,Flawed democracy,7.52,2.7
308,NLD,2012,0,Netherlands,12.0,Netherlands,2012.0,92.85999236,Netherlands,2012.0,92.85999236,,,0,0,0,0,Full democracy,8.99,
309,USA,2012,9,United States,13.3,United States,2012.0,74.7,United States,2012.0,74.7,,,0,0,0,0,Flawed democracy,8.11,25.6
310,United Kingdom,2012,0,,,,,,,,,,,0,0,0,0,Full democracy,8.21,4.4
311,Unspecified,2012,0,,,,,,,,,,,0,0,0,0,,,
312,ARG,2013,0,Argentina,9.8,Argentina,2013.0,59.9,Argentina,2013.0,59.9,,,0,0,0,0,Flawed democracy,6.84,
313,AUS,2013,0,Australia,12.6,Australia,2013.0,83.45349717,Australia,2013.0,83.45349717,,,0,0,0,0,Full democracy,9.13,
314,BRA,2013,0,Brazil,7.4,Brazil,2013.0,51.04,Brazil,2013.0,51.04,,,0,0,0,0,Flawed democracy,7.12,
315,CAN,2013,1,Canada,12.9,Canada,2013.0,85.8,Canada,2013.0,85.8,,,0,0,0,0,Full democracy,9.08,2.7
316,Channel Islands,2013,0,,,,,,,,,,,0,0,0,0,,,
317,DNK,2013,0,Denmark,13.2,Denmark,2013.0,94.6297,Denmark,2013.0,94.6297,,,0,0,0,0,Full democracy,9.38,
318,HRV,2013,0,Croatia,11.0,Croatia,2013.0,66.7476,Croatia,2013.0,66.7476,,,0,0,0,0,Flawed democracy,6.93,
319,IND,2013,0,India,5.8,India,2013.0,12.3,India,2013.0,12.3,,,0,0,0,0,Flawed democracy,7.69,2.6
320,NLD,2013,0,Netherlands,12.1,Netherlands,2013.0,93.9564,Netherlands,2013.0,93.9564,,,0,0,0,0,Full democracy,8.84,
321,USA,2013,7,United States,13.2,United States,2013.0,71.4,United States,2013.0,71.4,,,0,0,0,0,Flawed democracy,8.11,26.8
322,United Kingdom,2013,0,,,,,,,,,,,0,0,0,0,Full democracy,8.31,4.5
323,Unspecified,2013,0,,,,,,,,,,,0,0,0,0,,,
324,ARG,2014,0,Argentina,9.8,Argentina,2014.0,64.7,Argentina,2014.0,64.7,,,0,0,0,0,Flawed democracy,6.84,
325,AUS,2014,0,Australia,12.7,Australia,2014.0,84.0,Australia,2014.0,84.0,,,0,0,0,0,Full democracy,9.01,2.2
326,BRA,2014,0,Brazil,7.4,Brazil,2014.0,54.55100188,Brazil,2014.0,54.55100188,,,0,0,0,0,Flawed democracy,7.38,
327,CAN,2014,0,Canada,13.0,Canada,2014.0,87.12,Canada,2014.0,87.12,,,0,0,0,0,Full democracy,9.08,2.6
328,Channel Islands,2014,0,,,,,,,,,,,0,0,0,0,,,
329,DNK,2014,0,Denmark,12.8,Denmark,2014.0,95.99,Denmark,2014.0,95.99,,,0,0,0,0,Full democracy,9.11,
330,HRV,2014,0,Croatia,11.1,Croatia,2014.0,68.57,Croatia,2014.0,68.57,,,0,0,0,0,Flawed democracy,6.93,
331,IND,2014,0,India,6.1,India,2014.0,13.5,India,2014.0,13.5,,,0,0,0,0,Flawed democracy,7.92,2.8
332,NLD,2014,0,Netherlands,12.1,Netherlands,2014.0,91.666666,Netherlands,2014.0,91.666666,,,0,0,0,0,Full democracy,8.92,
333,USA,2014,6,United States,13.3,United States,2014.0,73.0,United States,2014.0,73.0,,,0,0,0,0,Flawed democracy,8.11,28.6
334,United Kingdom,2014,0,,,,,,,,,,,0,0,0,0,Full democracy,8.31,4.7
335,Unspecified,2014,1,,,,,,,,,,,0,0,0,0,,,
336,ARG,2015,0,Argentina,9.8,Argentina,2015.0,68.04306411,Argentina,2015.0,68.04306411,,,0,0,0,0,Flawed democracy,7.02,
337,AUS,2015,0,Australia,12.8,Australia,2015.0,84.56051491,Australia,2015.0,84.56051491,,,0,0,0,0,Full democracy,9.01,2.2
338,BRA,2015,0,Brazil,7.6,Brazil,2015.0,58.32795173,Brazil,2015.0,58.32795173,,,0,0,0,0,Flawed democracy,6.96,
339,CAN,2015,0,Canada,13.1,Canada,2015.0,90.0,Canada,2015.0,90.0,,,0,0,0,0,Full democracy,9.08,2.3
340,Channel Islands,2015,1,,,,,,,,,,,0,0,0,0,,,
341,DNK,2015,0,Denmark,12.5,Denmark,2015.0,96.33050162,Denmark,2015.0,96.33050162,,,0,0,0,0,Full democracy,9.11,
342,HRV,2015,0,Croatia,11.2,Croatia,2015.0,69.84503592,Croatia,2015.0,69.84503592,,,0,0,0,0,Flawed democracy,6.93,
343,IND,2015,0,India,6.3,India,2015.0,14.9,India,2015.0,14.9,,,0,0,0,0,Flawed democracy,7.74,3.0
344,NLD,2015,0,Netherlands,12.1,Netherlands,2015.0,91.72413793,Netherlands,2015.0,91.72413793,,,0,0,0,0,Full democracy,8.92,
345,USA,2015,4,United States,13.3,United States,2015.0,74.55420245,United States,2015.0,74.55420245,,,0,0,0,0,Flawed democracy,8.05,29.5
346,United Kingdom,2015,1,,,,,,,,,,,0,0,0,0,Full democracy,8.31,4.7
347,Unspecified,2015,0,,,,,,,,,,,0,0,0,0,,,
348,ARG,2016,0,Argentina,9.9,Argentina,2016.0,70.96898082,Argentina,2016.0,70.96898082,,,0,0,0,0,Flawed democracy,6.96,
349,AUS,2016,0,Australia,12.9,Australia,2016.0,86.54,Australia,2016.0,86.54,,,0,0,0,0,Full democracy,9.01,2.2
350,BRA,2016,0,Brazil,7.8,Brazil,2016.0,60.87254007,Brazil,2016.0,60.87254007,,,0,0,0,0,Flawed democracy,6.9,
351,CAN,2016,0,Canada,13.1,Canada,2016.0,91.16,Canada,2016.0,91.16,,,0,0,0,0,Full democracy,9.15,2.5
352,Channel Islands,2016,0,,,,,,,,,,,0,0,0,0,,,
353,DNK,2016,0,Denmark,12.6,Denmark,2016.0,96.96778525,Denmark,2016.0,96.96778525,,,0,0,0,0,Full democracy,9.2,
354,HRV,2016,0,Croatia,11.3,Croatia,2016.0,72.69726967,Croatia,2016.0,72.69726967,,,0,0,0,0,Flawed democracy,6.75,
355,IND,2016,0,India,6.4,India,2016.0,16.5,India,2016.0,16.5,,,0,0,0,0,Flawed democracy,7.81,3.2
356,NLD,2016,0,Netherlands,12.1,Netherlands,2016.0,90.4109589,Netherlands,2016.0,90.4109589,,,0,0,0,0,Full democracy,8.8,
357,USA,2016,11,United States,13.4,United States,2016.0,85.54442129,United States,2016.0,85.54442129,,,0,0,0,0,Flawed democracy,7.98,29.9
358,United Kingdom,2016,0,,,,,,,,,,,0,0,0,0,Full democracy,8.36,4.0
359,Unspecified,2016,0,,,,,,,,,,,0,0,0,0,,,
360,ARG,2017,0,Argentina,9.9,Argentina,2017.0,74.29490687,Argentina,2017.0,74.29490687,,,0,0,0,0,Flawed democracy,6.96,
361,AUS,2017,0,Australia,12.9,Australia,2017.0,86.54504885,Australia,2017.0,86.54504885,,,0,0,0,0,Full democracy,9.09,2.2
362,BRA,2017,0,Brazil,7.8,Brazil,2017.0,67.47128452,Brazil,2017.0,67.47128452,,,0,0,0,0,Flawed democracy,6.86,
363,CAN,2017,1,Canada,13.3,Canada,2017.0,92.70137191,Canada,2017.0,92.70137191,,,0,0,0,0,Full democracy,9.15,2.4
364,Channel Islands,2017,0,,,,,,,,,,,0,0,0,0,,,
365,DNK,2017,0,Denmark,12.6,Denmark,2017.0,97.09936216,Denmark,2017.0,97.09936216,,,0,0,0,0,Full democracy,9.22,
366,HRV,2017,0,Croatia,11.3,Croatia,2017.0,67.09619204,Croatia,2017.0,67.09619204,,,0,0,0,0,Flawed democracy,6.63,
367,IND,2017,0,India,6.4,India,2017.0,18.2,India,2017.0,18.2,,,0,0,0,0,Flawed democracy,7.23,3.3
368,NLD,2017,0,Netherlands,12.2,Netherlands,2017.0,93.19727891,Netherlands,2017.0,93.19727891,,,0,0,0,0,Full democracy,8.89,
369,USA,2017,9,United States,13.4,United States,2017.0,87.27488917,United States,2017.0,87.27488917,,,0,0,0,0,Flawed democracy,7.98,28.4
370,United Kingdom,2017,0,,,,,,,,,,,0,0,0,0,Full democracy,8.53,4.1
371,Unspecified,2017,0,,,,,,,,,,,0,0,0,0,,,
372,ARG,2018,0,,,Argentina,2018.0,77.7,Argentina,2018.0,77.7,,,0,0,0,0,Flawed democracy,7.02,
373,AUS,2018,0,,,Australia,2018.0,90.0,Australia,2018.0,90.0,,,0,0,0,0,Full democracy,9.09,
374,BRA,2018,0,,,Brazil,2018.0,70.43428254,Brazil,2018.0,70.43428254,,,0,0,0,0,Flawed democracy,6.97,
375,CAN,2018,0,,,Canada,2018.0,94.64,Canada,2018.0,94.64,,,0,0,0,0,Full democracy,9.15,2.2
376,Channel Islands,2018,0,,,,,,,,,,,0,0,0,0,,,
377,DNK,2018,0,,,Denmark,2018.0,97.31920437,Denmark,2018.0,97.31920437,,,0,0,0,0,Full democracy,9.22,
378,HRV,2018,0,,,Croatia,2018.0,75.29462599,Croatia,2018.0,75.29462599,,,0,0,0,0,Flawed democracy,6.57,
379,IND,2018,0,,,India,2018.0,20.08130004,India,2018.0,20.08130004,,,0,0,0,0,Flawed democracy,7.23,3.4
380,NLD,2018,0,,,Netherlands,2018.0,91.89189189,Netherlands,2018.0,91.89189189,,,0,0,0,0,Full democracy,8.89,
381,USA,2018,2,,,United States,2018.0,88.49890317,United States,2018.0,88.49890317,,,0,0,0,0,Flawed democracy,7.96,28.5
382,United Kingdom,2018,0,,,,,,,,,,,0,0,0,0,Full democracy,8.53,3.7
383,Unspecified,2018,0,,,,,,,,,,,0,0,0,0,,,
384,ARG,2019,0,,,Argentina,2019.0,79.94695203,Argentina,2019.0,79.94695203,,,0,0,0,0,Flawed democracy,7.02,
385,AUS,2019,0,,,Australia,2019.0,93.60991916,Australia,2019.0,93.60991916,,,0,0,0,0,Full democracy,9.09,
386,BRA,2019,0,,,Brazil,2019.0,73.91243991,Brazil,2019.0,73.91243991,,,0,0,0,0,Flawed democracy,6.86,
387,CAN,2019,0,,,Canada,2019.0,91.91289669,Canada,2019.0,91.91289669,,,0,0,0,0,Full democracy,9.22,2.3
388,Channel Islands,2019,0,,,,,,,,,,,0,0,0,0,,,
389,DNK,2019,0,,,Denmark,2019.0,98.04643475,Denmark,2019.0,98.04643475,,,0,0,0,0,Full democracy,9.22,
390,HRV,2019,0,,,Croatia,2019.0,79.07978368,Croatia,2019.0,79.07978368,,,0,0,0,0,Flawed democracy,6.57,
391,IND,2019,0,,,India,2019.0,29.52351142,India,2019.0,29.52351142,,,0,0,0,0,Flawed democracy,6.9,3.4
392,NLD,2019,0,,,Netherlands,2019.0,93.2885906,Netherlands,2019.0,93.2885906,,,0,0,0,0,Full democracy,9.01,
393,USA,2019,6,,,United States,2019.0,89.43028486,United States,2019.0,89.43028486,,,0,0,0,0,Flawed democracy,7.96,29.6
394,United Kingdom,2019,0,,,,,,,,,,,0,0,0,0,Full democracy,8.52,3.6
395,Unspecified,2019,0,,,,,,,,,,,0,0,0,0,,,
396,ARG,2020,0,,,Argentina,2020.0,85.51438646,Argentina,2020.0,85.51438646,,,0,0,0,0,Flawed democracy,6.95,
397,AUS,2020,1,,,Australia,2020.0,96.39446689,Australia,2020.0,96.39446689,,,0,0,0,0,Full democracy,8.96,
398,BRA,2020,0,,,Brazil,2020.0,81.34269353,Brazil,2020.0,81.34269353,,,0,0,0,0,Flawed democracy,6.92,
399,CAN,2020,0,,,Canada,2020.0,92.3,Canada,2020.0,92.3,,,0,0,0,0,Full democracy,9.24,2.5
400,Channel Islands,2020,0,,,,,,,,,,,0,0,0,0,,,
401,DNK,2020,0,,,Denmark,2020.0,96.54914573,Denmark,2020.0,96.54914573,,,0,0,0,0,Full democracy,9.15,
402,HRV,2020,0,,,Croatia,2020.0,78.32090004,Croatia,2020.0,78.32090004,,,0,0,0,0,Flawed democracy,6.5,
403,IND,2020,0,,,India,2020.0,43.40544313,India,2020.0,43.40544313,,,0,0,0,0,Flawed democracy,6.61,3.0
404,NLD,2020,0,,,Netherlands,2020.0,91.33333333,Netherlands,2020.0,91.33333333,,,0,0,0,0,Full democracy,8.96,
405,USA,2020,12,,,United States,2020.0,90.62047017,United States,2020.0,90.62047017,,,0,0,0,0,Flawed democracy,7.92,29.9
406,United Kingdom,2020,0,,,,,,,,,,,0,0,0,0,Full democracy,8.54,3.7
407,Unspecified,2020,0,,,,,,,,,,,0,0,0,0,,,
408,ARG,2021,0,,,Argentina,2021.0,87.15070683,Argentina,2021.0,87.15070683,,,0,0,0,0,Flawed democracy,6.81,
409,AUS,2021,0,,,Australia,2021.0,96.24,Australia,2021.0,96.24,,,0,0,0,0,Full democracy,8.9,2.3
410,BRA,2021,0,,,Brazil,2021.0,80.68989314,Brazil,2021.0,80.68989314,,,0,0,0,0,Flawed democracy,6.86,
411,CAN,2021,0,,,Canada,2021.0,92.83401664,Canada,2021.0,92.83401664,,,0,0,0,0,Full democracy,8.87,2.7
412,Channel Islands,2021,0,,,,,,,,,,,0,0,0,0,,,
413,DNK,2021,0,,,Denmark,2021.0,98.8658506,Denmark,2021.0,98.8658506,,,0,0,0,0,Full democracy,9.09,
414,HRV,2021,0,,,Croatia,2021.0,81.25396608,Croatia,2021.0,81.25396608,,,0,0,0,0,Flawed democracy,6.5,
415,IND,2021,0,,,India,2021.0,46.31,India,2021.0,46.31,,,0,0,0,0,Flawed democracy,6.91,3.2
416,NLD,2021,0,,,Netherlands,2021.0,92.05298013,Netherlands,2021.0,92.05298013,,,0,0,0,0,Full democracy,8.88,
417,USA,2021,4,,,United States,2021.0,91.75320833,United States,2021.0,91.75320833,,,0,0,0,0,Flawed democracy,7.85,31.3
418,United Kingdom,2021,0,,,,,,,,,,,0,0,0,0,Full democracy,8.1,3.6
419,Unspecified,2021,0,,,,,,,,,,,0,0,0,0,,,
420,ARG,2022,0,,,Argentina,2022.0,88.37535691,Argentina,2022.0,88.37535691,,,0,0,0,0,Flawed democracy,6.85,
421,AUS,2022,0,,,Australia,2022.0,,Australia,2022.0,,,,0,0,0,0,Full democracy,8.71,
422,BRA,2022,0,,,Brazil,2022.0,80.52775094,Brazil,2022.0,80.52775094,,,0,0,0,0,Flawed democracy,6.78,
423,CAN,2022,0,,,Canada,2022.0,,Canada,2022.0,,,,0,0,0,0,Full democracy,8.88,2.5
424,Channel Islands,2022,0,,,,,,,,,,,0,0,0,0,,,
425,DNK,2022,0,,,Denmark,2022.0,97.86011812,Denmark,2022.0,97.86011812,,,0,0,0,0,Full democracy,9.28,
426,HRV,2022,0,,,Croatia,2022.0,82.07154778,Croatia,2022.0,82.07154778,,,0,0,0,0,Flawed democracy,6.5,
427,IND,2022,0,,,India,2022.0,,India,2022.0,,,,0,0,0,0,Flawed democracy,7.04,3.4
428,NLD,2022,0,,,Netherlands,2022.0,92.51968504,Netherlands,2022.0,92.51968504,,,0,0,0,0,Full democracy,9.0,
429,USA,2022,3,,,United States,2022.0,,United States,2022.0,,,,0,0,0,0,Flawed democracy,7.85,30.8
430,United Kingdom,2022,0,,,,,,,,,,,0,0,0,0,Full democracy,8.28,3.5
431,Unspecified,2022,0,,,,,,,,,,,0,0,0,0,,,
432,ARG,2023,0,,,,,,,,,,,0,0,0,0,,,
433,AUS,2023,0,,,,,,,,,,,0,0,0,0,,,
434,BRA,2023,0,,,,,,,,,,,0,0,0,0,,,
435,CAN,2023,1,,,,,,,,,,,0,0,0,0,,,
436,Channel Islands,2023,0,,,,,,,,,,,0,0,0,0,,,
437,DNK,2023,0,,,,,,,,,,,0,0,0,0,,,
438,HRV,2023,0,,,,,,,,,,,0,0,0,0,,,
439,IND,2023,0,,,,,,,,,,,0,0,0,0,,,
440,NLD,2023,0,,,,,,,,,,,0,0,0,0,,,
441,USA,2023,3,,,,,,,,,,,0,0,0,0,,,
442,United Kingdom,2023,0,,,,,,,,,,,0,0,0,0,,,
443,Unspecified,2023,0,,,,,,,,,,,0,0,0,0,,,
