,rounded year,code,topReligion
0,1945,USA,christianity_protestant
1,1950,USA,christianity_protestant
2,1955,USA,christianity_protestant
3,1960,USA,christianity_protestant
4,1965,USA,christianity_protestant
5,1970,USA,christianity_protestant
6,1975,USA,christianity_protestant
7,1980,USA,christianity_protestant
8,1985,USA,christianity_protestant
9,1990,USA,christianity_protestant
10,1995,USA,christianity_protestant
11,2000,USA,christianity_protestant
12,2005,USA,christianity_protestant
13,2010,USA,christianity_protestant
14,1945,CAN,christianity_romancatholic
15,1950,CAN,christianity_romancatholic
16,1955,CAN,christianity_romancatholic
17,1960,CAN,christianity_romancatholic
18,1965,CAN,christianity_romancatholic
19,1970,CAN,christianity_romancatholic
20,1975,CAN,christianity_romancatholic
21,1980,CAN,christianity_romancatholic
22,1985,CAN,christianity_romancatholic
23,1990,CAN,christianity_romancatholic
24,1995,CAN,christianity_romancatholic
25,2000,CAN,christianity_romancatholic
26,2005,CAN,christianity_romancatholic
27,2010,CAN,christianity_romancatholic
28,1975,BHM,christianity_protestant
29,1980,BHM,christianity_protestant
30,1985,BHM,christianity_protestant
31,1990,BHM,christianity_protestant
32,1995,BHM,christianity_protestant
33,2000,BHM,christianity_protestant
34,2005,BHM,christianity_protestant
35,2010,BHM,christianity_protestant
36,1945,CUB,christianity_romancatholic
37,1950,CUB,christianity_romancatholic
38,1955,CUB,christianity_romancatholic
39,1960,CUB,christianity_romancatholic
40,1965,CUB,christianity_romancatholic
41,1970,CUB,christianity_romancatholic
42,1975,CUB,christianity_romancatholic
43,1980,CUB,christianity_romancatholic
44,1985,CUB,christianity_romancatholic
45,1990,CUB,christianity_romancatholic
46,1995,CUB,christianity_romancatholic
47,2000,CUB,christianity_romancatholic
48,2005,CUB,christianity_romancatholic
49,2010,CUB,christianity_romancatholic
50,1945,HAI,christianity_romancatholic
51,1950,HAI,christianity_romancatholic
52,1955,HAI,christianity_romancatholic
53,1960,HAI,christianity_romancatholic
54,1965,HAI,christianity_romancatholic
55,1970,HAI,christianity_romancatholic
56,1975,HAI,christianity_romancatholic
57,1980,HAI,christianity_romancatholic
58,1985,HAI,christianity_romancatholic
59,1990,HAI,christianity_romancatholic
60,1995,HAI,christianity_romancatholic
61,2000,HAI,christianity_romancatholic
62,2005,HAI,christianity_romancatholic
63,2010,HAI,christianity_romancatholic
64,1945,DOM,christianity_romancatholic
65,1950,DOM,christianity_romancatholic
66,1955,DOM,christianity_romancatholic
67,1960,DOM,christianity_romancatholic
68,1965,DOM,christianity_romancatholic
69,1970,DOM,christianity_romancatholic
70,1975,DOM,christianity_romancatholic
71,1980,DOM,christianity_romancatholic
72,1985,DOM,christianity_romancatholic
73,1990,DOM,christianity_romancatholic
74,1995,DOM,christianity_romancatholic
75,2000,DOM,christianity_romancatholic
76,2005,DOM,christianity_romancatholic
77,2010,DOM,christianity_romancatholic
78,1960,JAM,christianity_protestant
79,1965,JAM,christianity_protestant
80,1970,JAM,christianity_protestant
81,1975,JAM,christianity_protestant
82,1980,JAM,christianity_protestant
83,1985,JAM,christianity_protestant
84,1990,JAM,christianity_protestant
85,1995,JAM,christianity_protestant
86,2000,JAM,christianity_protestant
87,2005,JAM,christianity_protestant
88,2010,JAM,christianity_protestant
89,1960,TRI,christianity_romancatholic
90,1965,TRI,christianity_romancatholic
91,1970,TRI,christianity_romancatholic
92,1975,TRI,christianity_romancatholic
93,1980,TRI,christianity_romancatholic
94,1985,TRI,christianity_romancatholic
95,1990,TRI,christianity_romancatholic
96,1995,TRI,christianity_romancatholic
97,2000,TRI,christianity_romancatholic
98,2005,TRI,christianity_romancatholic
99,2010,TRI,christianity_protestant
100,1970,BAR,christianity_anglican
101,1975,BAR,christianity_anglican
102,1980,BAR,christianity_anglican
103,1985,BAR,christianity_anglican
104,1990,BAR,christianity_anglican
105,1995,BAR,christianity_protestant
106,2000,BAR,christianity_protestant
107,2005,BAR,christianity_protestant
108,2010,BAR,christianity_protestant
109,1980,DMA,christianity_romancatholic
110,1985,DMA,christianity_romancatholic
111,1990,DMA,christianity_romancatholic
112,1995,DMA,christianity_romancatholic
113,2000,DMA,christianity_romancatholic
114,2005,DMA,christianity_romancatholic
115,2010,DMA,christianity_romancatholic
116,1975,GRN,christianity_romancatholic
117,1980,GRN,christianity_romancatholic
118,1985,GRN,christianity_romancatholic
119,1990,GRN,christianity_romancatholic
120,1995,GRN,christianity_romancatholic
121,2000,GRN,christianity_romancatholic
122,2005,GRN,christianity_romancatholic
123,2010,GRN,christianity_romancatholic
124,1980,SLU,christianity_romancatholic
125,1985,SLU,christianity_romancatholic
126,1990,SLU,christianity_romancatholic
127,1995,SLU,christianity_romancatholic
128,2000,SLU,christianity_romancatholic
129,2005,SLU,christianity_romancatholic
130,2010,SLU,christianity_romancatholic
131,1980,SVG,christianity_anglican
132,1985,SVG,christianity_anglican
133,1990,SVG,christianity_protestant
134,1995,SVG,christianity_protestant
135,2000,SVG,christianity_protestant
136,2005,SVG,christianity_protestant
137,2010,SVG,christianity_romancatholic
138,1980,AAB,christianity_protestant
139,1985,AAB,christianity_anglican
140,1990,AAB,christianity_protestant
141,1995,AAB,christianity_protestant
142,2000,AAB,christianity_protestant
143,2005,AAB,christianity_protestant
144,2010,AAB,christianity_protestant
145,1985,SKN,christianity_protestant
146,1990,SKN,christianity_protestant
147,1995,SKN,christianity_protestant
148,2000,SKN,christianity_protestant
149,2005,SKN,christianity_anglican
150,2010,SKN,christianity_anglican
151,1945,MEX,christianity_romancatholic
152,1950,MEX,christianity_romancatholic
153,1955,MEX,christianity_romancatholic
154,1960,MEX,christianity_romancatholic
155,1965,MEX,christianity_romancatholic
156,1970,MEX,christianity_romancatholic
157,1975,MEX,christianity_romancatholic
158,1980,MEX,christianity_romancatholic
159,1985,MEX,christianity_romancatholic
160,1990,MEX,christianity_romancatholic
161,1995,MEX,christianity_romancatholic
162,2000,MEX,christianity_romancatholic
163,2005,MEX,christianity_romancatholic
164,2010,MEX,christianity_romancatholic
165,1980,BLZ,christianity_romancatholic
166,1985,BLZ,christianity_romancatholic
167,1990,BLZ,christianity_romancatholic
168,1995,BLZ,christianity_romancatholic
169,2000,BLZ,christianity_romancatholic
170,2005,BLZ,christianity_romancatholic
171,2010,BLZ,christianity_romancatholic
172,1945,GUA,christianity_romancatholic
173,1950,GUA,christianity_romancatholic
174,1955,GUA,christianity_romancatholic
175,1960,GUA,christianity_romancatholic
176,1965,GUA,christianity_romancatholic
177,1970,GUA,christianity_romancatholic
178,1975,GUA,christianity_romancatholic
179,1980,GUA,christianity_romancatholic
180,1985,GUA,christianity_romancatholic
181,1990,GUA,christianity_romancatholic
182,1995,GUA,christianity_romancatholic
183,2000,GUA,christianity_romancatholic
184,2005,GUA,christianity_romancatholic
185,2010,GUA,christianity_romancatholic
186,1945,HON,christianity_romancatholic
187,1950,HON,christianity_romancatholic
188,1955,HON,christianity_romancatholic
189,1960,HON,christianity_romancatholic
190,1965,HON,christianity_romancatholic
191,1970,HON,christianity_romancatholic
192,1975,HON,christianity_romancatholic
193,1980,HON,christianity_romancatholic
194,1985,HON,christianity_romancatholic
195,1990,HON,christianity_romancatholic
196,1995,HON,christianity_romancatholic
197,2000,HON,christianity_romancatholic
198,2005,HON,christianity_romancatholic
199,2010,HON,christianity_romancatholic
200,1945,SAL,christianity_romancatholic
201,1950,SAL,christianity_romancatholic
202,1955,SAL,christianity_romancatholic
203,1960,SAL,christianity_romancatholic
204,1965,SAL,christianity_romancatholic
205,1970,SAL,christianity_romancatholic
206,1975,SAL,christianity_romancatholic
207,1980,SAL,christianity_romancatholic
208,1985,SAL,christianity_romancatholic
209,1990,SAL,christianity_romancatholic
210,1995,SAL,christianity_romancatholic
211,2000,SAL,christianity_romancatholic
212,2005,SAL,christianity_romancatholic
213,2010,SAL,christianity_romancatholic
214,1945,NIC,christianity_romancatholic
215,1950,NIC,christianity_romancatholic
216,1955,NIC,christianity_romancatholic
217,1960,NIC,christianity_romancatholic
218,1965,NIC,christianity_romancatholic
219,1970,NIC,christianity_romancatholic
220,1975,NIC,christianity_romancatholic
221,1980,NIC,christianity_romancatholic
222,1985,NIC,christianity_romancatholic
223,1990,NIC,christianity_romancatholic
224,1995,NIC,christianity_romancatholic
225,2000,NIC,christianity_romancatholic
226,2005,NIC,christianity_romancatholic
227,2010,NIC,christianity_romancatholic
228,1945,COS,christianity_romancatholic
229,1950,COS,christianity_romancatholic
230,1955,COS,christianity_romancatholic
231,1960,COS,christianity_romancatholic
232,1965,COS,christianity_romancatholic
233,1970,COS,christianity_romancatholic
234,1975,COS,christianity_romancatholic
235,1980,COS,christianity_romancatholic
236,1985,COS,christianity_romancatholic
237,1990,COS,christianity_romancatholic
238,1995,COS,christianity_romancatholic
239,2000,COS,christianity_romancatholic
240,2005,COS,christianity_romancatholic
241,2010,COS,christianity_romancatholic
242,1945,PAN,christianity_romancatholic
243,1950,PAN,christianity_romancatholic
244,1955,PAN,christianity_romancatholic
245,1960,PAN,christianity_romancatholic
246,1965,PAN,christianity_romancatholic
247,1970,PAN,christianity_romancatholic
248,1975,PAN,christianity_romancatholic
249,1980,PAN,christianity_romancatholic
250,1985,PAN,christianity_romancatholic
251,1990,PAN,christianity_romancatholic
252,1995,PAN,christianity_romancatholic
253,2000,PAN,christianity_romancatholic
254,2005,PAN,christianity_romancatholic
255,2010,PAN,christianity_romancatholic
256,1945,COL,christianity_romancatholic
257,1950,COL,christianity_romancatholic
258,1955,COL,christianity_romancatholic
259,1960,COL,christianity_romancatholic
260,1965,COL,christianity_romancatholic
261,1970,COL,christianity_romancatholic
262,1975,COL,christianity_romancatholic
263,1980,COL,christianity_romancatholic
264,1985,COL,christianity_romancatholic
265,1990,COL,christianity_romancatholic
266,1995,COL,christianity_romancatholic
267,2000,COL,christianity_romancatholic
268,2005,COL,christianity_romancatholic
269,2010,COL,christianity_romancatholic
270,1945,VEN,christianity_romancatholic
271,1950,VEN,christianity_romancatholic
272,1955,VEN,christianity_romancatholic
273,1960,VEN,christianity_romancatholic
274,1965,VEN,christianity_romancatholic
275,1970,VEN,christianity_romancatholic
276,1975,VEN,christianity_romancatholic
277,1980,VEN,christianity_romancatholic
278,1985,VEN,christianity_romancatholic
279,1990,VEN,christianity_romancatholic
280,1995,VEN,christianity_romancatholic
281,2000,VEN,christianity_romancatholic
282,2005,VEN,christianity_romancatholic
283,2010,VEN,christianity_romancatholic
284,1970,GUY,christianity_romancatholic
285,1975,GUY,christianity_romancatholic
286,1980,GUY,christianity_romancatholic
287,1985,GUY,christianity_romancatholic
288,1990,GUY,christianity_protestant
289,1995,GUY,christianity_protestant
290,2000,GUY,christianity_protestant
291,2005,GUY,christianity_protestant
292,2010,GUY,christianity_protestant
293,1975,SUR,christianity_romancatholic
294,1980,SUR,christianity_romancatholic
295,1985,SUR,christianity_romancatholic
296,1990,SUR,christianity_protestant
297,1995,SUR,christianity_protestant
298,2000,SUR,christianity_protestant
299,2005,SUR,christianity_protestant
300,2010,SUR,christianity_protestant
301,1945,ECU,christianity_romancatholic
302,1950,ECU,christianity_romancatholic
303,1955,ECU,christianity_romancatholic
304,1960,ECU,christianity_romancatholic
305,1965,ECU,christianity_romancatholic
306,1970,ECU,christianity_romancatholic
307,1975,ECU,christianity_romancatholic
308,1980,ECU,christianity_romancatholic
309,1985,ECU,christianity_romancatholic
310,1990,ECU,christianity_romancatholic
311,1995,ECU,christianity_romancatholic
312,2000,ECU,christianity_romancatholic
313,2005,ECU,christianity_romancatholic
314,2010,ECU,christianity_romancatholic
315,1945,PER,christianity_romancatholic
316,1950,PER,christianity_romancatholic
317,1955,PER,christianity_romancatholic
318,1960,PER,christianity_romancatholic
319,1965,PER,christianity_romancatholic
320,1970,PER,christianity_romancatholic
321,1975,PER,christianity_romancatholic
322,1980,PER,christianity_romancatholic
323,1985,PER,christianity_romancatholic
324,1990,PER,christianity_romancatholic
325,1995,PER,christianity_romancatholic
326,2000,PER,christianity_romancatholic
327,2005,PER,christianity_romancatholic
328,2010,PER,christianity_romancatholic
329,1945,BRA,christianity_romancatholic
330,1950,BRA,christianity_romancatholic
331,1955,BRA,christianity_romancatholic
332,1960,BRA,christianity_romancatholic
333,1965,BRA,christianity_romancatholic
334,1970,BRA,christianity_romancatholic
335,1975,BRA,christianity_romancatholic
336,1980,BRA,christianity_romancatholic
337,1985,BRA,christianity_romancatholic
338,1990,BRA,christianity_romancatholic
339,1995,BRA,christianity_romancatholic
340,2000,BRA,christianity_romancatholic
341,2005,BRA,christianity_romancatholic
342,2010,BRA,christianity_romancatholic
343,1945,BOL,christianity_romancatholic
344,1950,BOL,christianity_romancatholic
345,1955,BOL,christianity_romancatholic
346,1960,BOL,christianity_romancatholic
347,1965,BOL,christianity_romancatholic
348,1970,BOL,christianity_romancatholic
349,1975,BOL,christianity_romancatholic
350,1980,BOL,christianity_romancatholic
351,1985,BOL,christianity_romancatholic
352,1990,BOL,christianity_romancatholic
353,1995,BOL,christianity_romancatholic
354,2000,BOL,christianity_romancatholic
355,2005,BOL,christianity_romancatholic
356,2010,BOL,christianity_romancatholic
357,1945,PAR,christianity_romancatholic
358,1950,PAR,christianity_romancatholic
359,1955,PAR,christianity_romancatholic
360,1960,PAR,christianity_romancatholic
361,1965,PAR,christianity_romancatholic
362,1970,PAR,christianity_romancatholic
363,1975,PAR,christianity_romancatholic
364,1980,PAR,christianity_romancatholic
365,1985,PAR,christianity_romancatholic
366,1990,PAR,christianity_romancatholic
367,1995,PAR,christianity_romancatholic
368,2000,PAR,christianity_romancatholic
369,2005,PAR,christianity_romancatholic
370,2010,PAR,christianity_romancatholic
371,1945,CHL,christianity_romancatholic
372,1950,CHL,christianity_romancatholic
373,1955,CHL,christianity_romancatholic
374,1960,CHL,christianity_romancatholic
375,1965,CHL,christianity_romancatholic
376,1970,CHL,christianity_romancatholic
377,1975,CHL,christianity_romancatholic
378,1980,CHL,christianity_romancatholic
379,1985,CHL,christianity_romancatholic
380,1990,CHL,christianity_romancatholic
381,1995,CHL,christianity_romancatholic
382,2000,CHL,christianity_romancatholic
383,2005,CHL,christianity_romancatholic
384,2010,CHL,christianity_romancatholic
385,1945,ARG,christianity_romancatholic
386,1950,ARG,christianity_romancatholic
387,1955,ARG,christianity_romancatholic
388,1960,ARG,christianity_romancatholic
389,1965,ARG,christianity_romancatholic
390,1970,ARG,christianity_romancatholic
391,1975,ARG,christianity_romancatholic
392,1980,ARG,christianity_romancatholic
393,1985,ARG,christianity_romancatholic
394,1990,ARG,christianity_romancatholic
395,1995,ARG,christianity_romancatholic
396,2000,ARG,christianity_romancatholic
397,2005,ARG,christianity_romancatholic
398,2010,ARG,christianity_romancatholic
399,1945,URU,christianity_romancatholic
400,1950,URU,christianity_romancatholic
401,1955,URU,christianity_romancatholic
402,1960,URU,christianity_romancatholic
403,1965,URU,christianity_romancatholic
404,1970,URU,christianity_romancatholic
405,1975,URU,christianity_romancatholic
406,1980,URU,christianity_romancatholic
407,1985,URU,christianity_romancatholic
408,1990,URU,christianity_romancatholic
409,1995,URU,christianity_romancatholic
410,2000,URU,christianity_romancatholic
411,2005,URU,christianity_romancatholic
412,2010,URU,christianity_romancatholic
413,1945,UKG,christianity_anglican
414,1950,UKG,christianity_anglican
415,1955,UKG,christianity_anglican
416,1960,UKG,christianity_anglican
417,1965,UKG,christianity_anglican
418,1970,UKG,christianity_anglican
419,1975,UKG,christianity_anglican
420,1980,UKG,christianity_anglican
421,1985,UKG,christianity_anglican
422,1990,UKG,christianity_anglican
423,1995,UKG,christianity_anglican
424,2000,UKG,christianity_anglican
425,2005,UKG,christianity_anglican
426,2010,UKG,christianity_anglican
427,1945,IRE,christianity_romancatholic
428,1950,IRE,christianity_romancatholic
429,1955,IRE,christianity_romancatholic
430,1960,IRE,christianity_romancatholic
431,1965,IRE,christianity_romancatholic
432,1970,IRE,christianity_romancatholic
433,1975,IRE,christianity_romancatholic
434,1980,IRE,christianity_romancatholic
435,1985,IRE,christianity_romancatholic
436,1990,IRE,christianity_romancatholic
437,1995,IRE,christianity_romancatholic
438,2000,IRE,christianity_romancatholic
439,2005,IRE,christianity_romancatholic
440,2010,IRE,christianity_romancatholic
441,1955,NTH,christianity_protestant
442,1960,NTH,christianity_romancatholic
443,1965,NTH,christianity_romancatholic
444,1970,NTH,christianity_romancatholic
445,1975,NTH,christianity_romancatholic
446,1980,NTH,christianity_romancatholic
447,1985,NTH,christianity_romancatholic
448,1990,NTH,christianity_romancatholic
449,1995,NTH,christianity_romancatholic
450,2000,NTH,christianity_romancatholic
451,2005,NTH,christianity_romancatholic
452,2010,NTH,christianity_romancatholic
453,1945,BEL,christianity_romancatholic
454,1950,BEL,christianity_romancatholic
455,1955,BEL,christianity_romancatholic
456,1960,BEL,christianity_romancatholic
457,1965,BEL,christianity_romancatholic
458,1970,BEL,christianity_romancatholic
459,1975,BEL,christianity_romancatholic
460,1980,BEL,christianity_romancatholic
461,1985,BEL,christianity_romancatholic
462,1990,BEL,christianity_romancatholic
463,1995,BEL,christianity_romancatholic
464,2000,BEL,christianity_romancatholic
465,2005,BEL,christianity_romancatholic
466,2010,BEL,christianity_romancatholic
467,1945,LUX,christianity_romancatholic
468,1950,LUX,christianity_romancatholic
469,1955,LUX,christianity_romancatholic
470,1960,LUX,christianity_romancatholic
471,1965,LUX,christianity_romancatholic
472,1970,LUX,christianity_romancatholic
473,1975,LUX,christianity_romancatholic
474,1980,LUX,christianity_romancatholic
475,1985,LUX,christianity_romancatholic
476,1990,LUX,christianity_romancatholic
477,1995,LUX,christianity_romancatholic
478,2000,LUX,christianity_romancatholic
479,2005,LUX,christianity_romancatholic
480,2010,LUX,christianity_romancatholic
481,1945,FRN,christianity_romancatholic
482,1950,FRN,christianity_romancatholic
483,1955,FRN,christianity_romancatholic
484,1960,FRN,christianity_romancatholic
485,1965,FRN,christianity_romancatholic
486,1970,FRN,christianity_romancatholic
487,1975,FRN,christianity_romancatholic
488,1980,FRN,christianity_romancatholic
489,1985,FRN,christianity_romancatholic
490,1990,FRN,christianity_romancatholic
491,1995,FRN,christianity_romancatholic
492,2000,FRN,christianity_romancatholic
493,2005,FRN,christianity_romancatholic
494,2010,FRN,christianity_romancatholic
495,1995,MNC,christianity_romancatholic
496,2000,MNC,christianity_romancatholic
497,2005,MNC,christianity_romancatholic
498,2010,MNC,christianity_romancatholic
499,1990,LIE,christianity_romancatholic
500,1995,LIE,christianity_romancatholic
501,2000,LIE,christianity_romancatholic
502,2005,LIE,christianity_romancatholic
503,2010,LIE,christianity_romancatholic
504,1945,SWZ,christianity_protestant
505,1950,SWZ,christianity_protestant
506,1955,SWZ,christianity_protestant
507,1960,SWZ,christianity_protestant
508,1965,SWZ,christianity_protestant
509,1970,SWZ,christianity_protestant
510,1975,SWZ,christianity_romancatholic
511,1980,SWZ,christianity_romancatholic
512,1985,SWZ,christianity_romancatholic
513,1990,SWZ,christianity_romancatholic
514,1995,SWZ,christianity_romancatholic
515,2000,SWZ,christianity_romancatholic
516,2005,SWZ,christianity_romancatholic
517,2010,SWZ,christianity_romancatholic
518,1945,SPN,christianity_romancatholic
519,1950,SPN,christianity_romancatholic
520,1955,SPN,christianity_romancatholic
521,1960,SPN,christianity_romancatholic
522,1965,SPN,christianity_romancatholic
523,1970,SPN,christianity_romancatholic
524,1975,SPN,christianity_romancatholic
525,1980,SPN,christianity_romancatholic
526,1985,SPN,christianity_romancatholic
527,1990,SPN,christianity_romancatholic
528,1995,SPN,christianity_romancatholic
529,2000,SPN,christianity_romancatholic
530,2005,SPN,christianity_romancatholic
531,2010,SPN,christianity_romancatholic
532,1995,AND,christianity_romancatholic
533,2000,AND,christianity_romancatholic
534,2005,AND,christianity_romancatholic
535,2010,AND,christianity_romancatholic
536,1945,POR,christianity_romancatholic
537,1950,POR,christianity_romancatholic
538,1955,POR,christianity_romancatholic
539,1960,POR,christianity_romancatholic
540,1965,POR,christianity_romancatholic
541,1970,POR,christianity_romancatholic
542,1975,POR,christianity_romancatholic
543,1980,POR,christianity_romancatholic
544,1985,POR,christianity_romancatholic
545,1990,POR,christianity_romancatholic
546,1995,POR,christianity_romancatholic
547,2000,POR,christianity_romancatholic
548,2005,POR,christianity_romancatholic
549,2010,POR,christianity_romancatholic
550,1945,GMY,christianity_protestant
551,1990,GMY,christianity_protestant
552,1995,GMY,christianity_protestant
553,2000,GMY,christianity_romancatholic
554,2005,GMY,christianity_protestant
555,2010,GMY,christianity_romancatholic
556,1955,GFR,christianity_protestant
557,1960,GFR,christianity_protestant
558,1965,GFR,christianity_protestant
559,1970,GFR,christianity_protestant
560,1975,GFR,christianity_protestant
561,1980,GFR,christianity_protestant
562,1985,GFR,christianity_protestant
563,1990,GFR,christianity_protestant
564,1955,GDR,christianity_protestant
565,1960,GDR,christianity_protestant
566,1965,GDR,christianity_protestant
567,1970,GDR,christianity_protestant
568,1975,GDR,christianity_protestant
569,1980,GDR,christianity_protestant
570,1985,GDR,christianity_protestant
571,1945,POL,christianity_romancatholic
572,1950,POL,christianity_romancatholic
573,1955,POL,christianity_romancatholic
574,1960,POL,christianity_romancatholic
575,1965,POL,christianity_romancatholic
576,1970,POL,christianity_romancatholic
577,1975,POL,christianity_romancatholic
578,1980,POL,christianity_romancatholic
579,1985,POL,christianity_romancatholic
580,1990,POL,christianity_romancatholic
581,1995,POL,christianity_romancatholic
582,2000,POL,christianity_romancatholic
583,2005,POL,christianity_romancatholic
584,2010,POL,christianity_romancatholic
585,1955,AUS,christianity_romancatholic
586,1960,AUS,christianity_romancatholic
587,1965,AUS,christianity_romancatholic
588,1970,AUS,christianity_romancatholic
589,1975,AUS,christianity_romancatholic
590,1980,AUS,christianity_romancatholic
591,1985,AUS,christianity_romancatholic
592,1990,AUS,christianity_romancatholic
593,1995,AUS,christianity_romancatholic
594,2000,AUS,christianity_romancatholic
595,2005,AUS,christianity_romancatholic
596,2010,AUS,christianity_romancatholic
597,1945,HUN,christianity_romancatholic
598,1950,HUN,christianity_romancatholic
599,1955,HUN,christianity_romancatholic
600,1960,HUN,christianity_romancatholic
601,1965,HUN,christianity_romancatholic
602,1970,HUN,christianity_romancatholic
603,1975,HUN,christianity_romancatholic
604,1980,HUN,christianity_romancatholic
605,1985,HUN,christianity_romancatholic
606,1990,HUN,christianity_romancatholic
607,1995,HUN,christianity_romancatholic
608,2000,HUN,christianity_romancatholic
609,2005,HUN,christianity_romancatholic
610,2010,HUN,christianity_romancatholic
611,1945,CZE,christianity_romancatholic
612,1950,CZE,christianity_romancatholic
613,1955,CZE,christianity_romancatholic
614,1960,CZE,christianity_romancatholic
615,1965,CZE,christianity_romancatholic
616,1970,CZE,christianity_romancatholic
617,1975,CZE,christianity_romancatholic
618,1980,CZE,christianity_romancatholic
619,1985,CZE,christianity_romancatholic
620,1990,CZE,christianity_romancatholic
621,1995,CZR,christianity_romancatholic
622,2000,CZR,christianity_romancatholic
623,2005,CZR,christianity_romancatholic
624,2010,CZR,christianity_romancatholic
625,1995,SLO,christianity_romancatholic
626,2000,SLO,christianity_romancatholic
627,2005,SLO,christianity_romancatholic
628,2010,SLO,christianity_romancatholic
629,1945,ITA,christianity_romancatholic
630,1950,ITA,christianity_romancatholic
631,1955,ITA,christianity_romancatholic
632,1960,ITA,christianity_romancatholic
633,1965,ITA,christianity_romancatholic
634,1970,ITA,christianity_romancatholic
635,1975,ITA,christianity_romancatholic
636,1980,ITA,christianity_romancatholic
637,1985,ITA,christianity_romancatholic
638,1990,ITA,christianity_romancatholic
639,1995,ITA,christianity_romancatholic
640,2000,ITA,christianity_romancatholic
641,2005,ITA,christianity_romancatholic
642,2010,ITA,christianity_romancatholic
643,1995,SNM,christianity_romancatholic
644,2000,SNM,christianity_romancatholic
645,2005,SNM,christianity_romancatholic
646,2010,SNM,christianity_romancatholic
647,1965,MLT,christianity_romancatholic
648,1970,MLT,christianity_romancatholic
649,1975,MLT,christianity_romancatholic
650,1980,MLT,christianity_romancatholic
651,1985,MLT,christianity_romancatholic
652,1990,MLT,christianity_romancatholic
653,1995,MLT,christianity_romancatholic
654,2000,MLT,christianity_romancatholic
655,2005,MLT,christianity_romancatholic
656,2010,MLT,christianity_romancatholic
657,1945,ALB,islam_other
658,1950,ALB,islam_other
659,1955,ALB,islam_other
660,1960,ALB,islam_other
661,1965,ALB,islam_other
662,1970,ALB,islam_other
663,1975,ALB,islam_other
664,1980,ALB,islam_other
665,1985,ALB,islam_other
666,1990,ALB,islam_other
667,1995,ALB,islam_other
668,2000,ALB,islam_sunni
669,2005,ALB,islam_sunni
670,2010,ALB,islam_sunni
671,2010,MNG,christianity_easternorthodox
672,1995,MAC,christianity_easternorthodox
673,2000,MAC,christianity_easternorthodox
674,2005,MAC,christianity_easternorthodox
675,2010,MAC,christianity_easternorthodox
676,1995,CRO,christianity_romancatholic
677,2000,CRO,christianity_romancatholic
678,2005,CRO,christianity_romancatholic
679,2010,CRO,christianity_romancatholic
680,1945,YUG,christianity_easternorthodox
681,1950,YUG,christianity_easternorthodox
682,1955,YUG,christianity_easternorthodox
683,1960,YUG,christianity_easternorthodox
684,1965,YUG,christianity_easternorthodox
685,1970,YUG,christianity_easternorthodox
686,1975,YUG,christianity_easternorthodox
687,1980,YUG,christianity_easternorthodox
688,1985,YUG,christianity_easternorthodox
689,1990,YUG,christianity_easternorthodox
690,1995,YUG,christianity_easternorthodox
691,2000,YUG,christianity_easternorthodox
692,2005,YUG,christianity_easternorthodox
693,2010,YUG,christianity_easternorthodox
694,1995,BOS,islam_sunni
695,2000,BOS,islam_sunni
696,2005,BOS,islam_sunni
697,2010,BOS,islam_sunni
698,2010,KOS,islam_other
699,1995,SLV,christianity_romancatholic
700,2000,SLV,christianity_romancatholic
701,2005,SLV,christianity_romancatholic
702,2010,SLV,christianity_romancatholic
703,1945,GRC,christianity_easternorthodox
704,1950,GRC,christianity_easternorthodox
705,1955,GRC,christianity_easternorthodox
706,1960,GRC,christianity_easternorthodox
707,1965,GRC,christianity_easternorthodox
708,1970,GRC,christianity_easternorthodox
709,1975,GRC,christianity_easternorthodox
710,1980,GRC,christianity_easternorthodox
711,1985,GRC,christianity_easternorthodox
712,1990,GRC,christianity_easternorthodox
713,1995,GRC,christianity_easternorthodox
714,2000,GRC,christianity_easternorthodox
715,2005,GRC,christianity_easternorthodox
716,2010,GRC,christianity_easternorthodox
717,1960,CYP,christianity_easternorthodox
718,1965,CYP,christianity_easternorthodox
719,1970,CYP,christianity_easternorthodox
720,1975,CYP,christianity_easternorthodox
721,1980,CYP,christianity_easternorthodox
722,1985,CYP,christianity_easternorthodox
723,1990,CYP,christianity_easternorthodox
724,1995,CYP,christianity_easternorthodox
725,2000,CYP,christianity_easternorthodox
726,2005,CYP,christianity_easternorthodox
727,2010,CYP,christianity_easternorthodox
728,1945,BUL,christianity_easternorthodox
729,1950,BUL,christianity_easternorthodox
730,1955,BUL,christianity_easternorthodox
731,1960,BUL,christianity_easternorthodox
732,1965,BUL,christianity_easternorthodox
733,1970,BUL,christianity_easternorthodox
734,1975,BUL,christianity_easternorthodox
735,1980,BUL,christianity_easternorthodox
736,1985,BUL,christianity_easternorthodox
737,1990,BUL,christianity_easternorthodox
738,1995,BUL,christianity_easternorthodox
739,2000,BUL,christianity_easternorthodox
740,2005,BUL,christianity_easternorthodox
741,2010,BUL,christianity_easternorthodox
742,1995,MLD,christianity_easternorthodox
743,2000,MLD,christianity_easternorthodox
744,2005,MLD,christianity_easternorthodox
745,2010,MLD,christianity_easternorthodox
746,1945,ROM,christianity_easternorthodox
747,1950,ROM,christianity_easternorthodox
748,1955,ROM,christianity_easternorthodox
749,1960,ROM,christianity_easternorthodox
750,1965,ROM,christianity_easternorthodox
751,1970,ROM,christianity_easternorthodox
752,1975,ROM,christianity_easternorthodox
753,1980,ROM,christianity_easternorthodox
754,1985,ROM,christianity_easternorthodox
755,1990,ROM,christianity_easternorthodox
756,1995,ROM,christianity_easternorthodox
757,2000,ROM,christianity_easternorthodox
758,2005,ROM,christianity_easternorthodox
759,2010,ROM,christianity_easternorthodox
760,1945,RUS,christianity_easternorthodox
761,1950,RUS,christianity_easternorthodox
762,1955,RUS,christianity_easternorthodox
763,1960,RUS,christianity_easternorthodox
764,1965,RUS,christianity_easternorthodox
765,1970,RUS,christianity_easternorthodox
766,1975,RUS,christianity_easternorthodox
767,1980,RUS,christianity_easternorthodox
768,1985,RUS,christianity_easternorthodox
769,1990,RUS,christianity_easternorthodox
770,1995,RUS,christianity_easternorthodox
771,2000,RUS,christianity_easternorthodox
772,2005,RUS,christianity_easternorthodox
773,2010,RUS,christianity_easternorthodox
774,1995,EST,christianity_protestant
775,2000,EST,christianity_protestant
776,2005,EST,christianity_easternorthodox
777,2010,EST,christianity_easternorthodox
778,1995,LAT,christianity_romancatholic
779,2000,LAT,christianity_romancatholic
780,2005,LAT,christianity_romancatholic
781,2010,LAT,christianity_protestant
782,1995,LIT,christianity_romancatholic
783,2000,LIT,christianity_romancatholic
784,2005,LIT,christianity_romancatholic
785,2010,LIT,christianity_romancatholic
786,1995,UKR,christianity_easternorthodox
787,2000,UKR,christianity_easternorthodox
788,2005,UKR,christianity_easternorthodox
789,2010,UKR,christianity_easternorthodox
790,1995,BLR,christianity_easternorthodox
791,2000,BLR,christianity_easternorthodox
792,2005,BLR,christianity_easternorthodox
793,2010,BLR,christianity_easternorthodox
794,1995,ARM,christianity_easternorthodox
795,2000,ARM,christianity_easternorthodox
796,2005,ARM,christianity_easternorthodox
797,2010,ARM,christianity_easternorthodox
798,1995,GRG,christianity_easternorthodox
799,2000,GRG,christianity_easternorthodox
800,2005,GRG,christianity_easternorthodox
801,2010,GRG,christianity_easternorthodox
802,1995,AZE,islam_shi’a
803,2000,AZE,islam_shi’a
804,2005,AZE,islam_shi’a
805,2010,AZE,islam_shi’a
806,1945,FIN,christianity_protestant
807,1950,FIN,christianity_protestant
808,1955,FIN,christianity_protestant
809,1960,FIN,christianity_protestant
810,1965,FIN,christianity_protestant
811,1970,FIN,christianity_protestant
812,1975,FIN,christianity_protestant
813,1980,FIN,christianity_protestant
814,1985,FIN,christianity_protestant
815,1990,FIN,christianity_protestant
816,1995,FIN,christianity_protestant
817,2000,FIN,christianity_protestant
818,2005,FIN,christianity_protestant
819,2010,FIN,christianity_protestant
820,1945,SWD,christianity_protestant
821,1950,SWD,christianity_protestant
822,1955,SWD,christianity_protestant
823,1960,SWD,christianity_protestant
824,1965,SWD,christianity_protestant
825,1970,SWD,christianity_protestant
826,1975,SWD,christianity_protestant
827,1980,SWD,christianity_protestant
828,1985,SWD,christianity_protestant
829,1990,SWD,christianity_protestant
830,1995,SWD,christianity_protestant
831,2000,SWD,christianity_protestant
832,2005,SWD,christianity_protestant
833,2010,SWD,christianity_protestant
834,1945,NOR,christianity_protestant
835,1950,NOR,christianity_protestant
836,1955,NOR,christianity_protestant
837,1960,NOR,christianity_protestant
838,1965,NOR,christianity_protestant
839,1970,NOR,christianity_protestant
840,1975,NOR,christianity_protestant
841,1980,NOR,christianity_protestant
842,1985,NOR,christianity_protestant
843,1990,NOR,christianity_protestant
844,1995,NOR,christianity_protestant
845,2000,NOR,christianity_protestant
846,2005,NOR,christianity_protestant
847,2010,NOR,christianity_protestant
848,1945,DEN,christianity_protestant
849,1950,DEN,christianity_protestant
850,1955,DEN,christianity_protestant
851,1960,DEN,christianity_protestant
852,1965,DEN,christianity_protestant
853,1970,DEN,christianity_protestant
854,1975,DEN,christianity_protestant
855,1980,DEN,christianity_protestant
856,1985,DEN,christianity_protestant
857,1990,DEN,christianity_protestant
858,1995,DEN,christianity_protestant
859,2000,DEN,christianity_protestant
860,2005,DEN,christianity_protestant
861,2010,DEN,christianity_protestant
862,1945,ICE,christianity_protestant
863,1950,ICE,christianity_protestant
864,1955,ICE,christianity_protestant
865,1960,ICE,christianity_protestant
866,1965,ICE,christianity_protestant
867,1970,ICE,christianity_protestant
868,1975,ICE,christianity_protestant
869,1980,ICE,christianity_protestant
870,1985,ICE,christianity_protestant
871,1990,ICE,christianity_protestant
872,1995,ICE,christianity_protestant
873,2000,ICE,christianity_protestant
874,2005,ICE,christianity_protestant
875,2010,ICE,christianity_protestant
876,1975,CAP,christianity_romancatholic
877,1980,CAP,christianity_romancatholic
878,1985,CAP,christianity_romancatholic
879,1990,CAP,christianity_romancatholic
880,1995,CAP,christianity_romancatholic
881,2000,CAP,christianity_romancatholic
882,2005,CAP,christianity_romancatholic
883,2010,CAP,christianity_romancatholic
884,1975,STP,christianity_romancatholic
885,1980,STP,christianity_romancatholic
886,1985,STP,christianity_romancatholic
887,1990,STP,christianity_romancatholic
888,1995,STP,christianity_romancatholic
889,2000,STP,christianity_romancatholic
890,2005,STP,christianity_romancatholic
891,2010,STP,christianity_romancatholic
892,1975,GNB,islam_other
893,1980,GNB,islam_other
894,1985,GNB,islam_other
895,1990,GNB,islam_other
896,1995,GNB,islam_other
897,2000,GNB,islam_sunni
898,2005,GNB,islam_sunni
899,2010,GNB,islam_sunni
900,1970,EQG,christianity_romancatholic
901,1975,EQG,christianity_romancatholic
902,1980,EQG,christianity_romancatholic
903,1985,EQG,christianity_romancatholic
904,1990,EQG,christianity_romancatholic
905,1995,EQG,christianity_romancatholic
906,2000,EQG,christianity_romancatholic
907,2005,EQG,christianity_romancatholic
908,2010,EQG,christianity_romancatholic
909,1965,GAM,islam_other
910,1970,GAM,islam_other
911,1975,GAM,islam_other
912,1980,GAM,islam_other
913,1985,GAM,islam_other
914,1990,GAM,islam_other
915,1995,GAM,islam_other
916,2000,GAM,islam_sunni
917,2005,GAM,islam_sunni
918,2010,GAM,islam_sunni
919,1960,MLI,islam_other
920,1965,MLI,islam_other
921,1970,MLI,islam_other
922,1975,MLI,islam_other
923,1980,MLI,islam_other
924,1985,MLI,islam_other
925,1990,MLI,islam_other
926,1995,MLI,islam_other
927,2000,MLI,islam_sunni
928,2005,MLI,islam_sunni
929,2010,MLI,islam_sunni
930,1960,SEN,islam_other
931,1965,SEN,islam_sunni
932,1970,SEN,islam_sunni
933,1975,SEN,islam_sunni
934,1980,SEN,islam_sunni
935,1985,SEN,islam_sunni
936,1990,SEN,islam_sunni
937,1995,SEN,islam_sunni
938,2000,SEN,islam_sunni
939,2005,SEN,islam_sunni
940,2010,SEN,islam_sunni
941,1960,BEN,islam_other
942,1965,BEN,islam_other
943,1970,BEN,islam_other
944,1975,BEN,christianity_romancatholic
945,1980,BEN,christianity_romancatholic
946,1985,BEN,christianity_romancatholic
947,1990,BEN,christianity_romancatholic
948,1995,BEN,christianity_romancatholic
949,2000,BEN,christianity_romancatholic
950,2005,BEN,christianity_romancatholic
951,2010,BEN,islam_sunni
952,1960,MAA,islam_other
953,1965,MAA,islam_other
954,1970,MAA,islam_other
955,1975,MAA,islam_other
956,1980,MAA,islam_other
957,1985,MAA,islam_other
958,1990,MAA,islam_other
959,1995,MAA,islam_other
960,2000,MAA,islam_sunni
961,2005,MAA,islam_sunni
962,2010,MAA,islam_sunni
963,1960,NIR,islam_other
964,1965,NIR,islam_other
965,1970,NIR,islam_other
966,1975,NIR,islam_other
967,1980,NIR,islam_other
968,1985,NIR,islam_other
969,1990,NIR,islam_other
970,1995,NIR,islam_other
971,2000,NIR,islam_sunni
972,2005,NIR,islam_sunni
973,2010,NIR,islam_sunni
974,1960,CDI,islam_other
975,1965,CDI,islam_other
976,1970,CDI,islam_other
977,1975,CDI,islam_other
978,1980,CDI,islam_other
979,1985,CDI,islam_other
980,1990,CDI,islam_sunni
981,1995,CDI,islam_sunni
982,2000,CDI,islam_sunni
983,2005,CDI,islam_sunni
984,2010,CDI,islam_sunni
985,1960,GUI,islam_other
986,1965,GUI,islam_other
987,1970,GUI,islam_other
988,1975,GUI,islam_other
989,1980,GUI,islam_other
990,1985,GUI,islam_other
991,1990,GUI,islam_other
992,1995,GUI,islam_other
993,2000,GUI,islam_sunni
994,2005,GUI,islam_sunni
995,2010,GUI,islam_sunni
996,1960,BFO,islam_other
997,1965,BFO,islam_other
998,1970,BFO,islam_other
999,1975,BFO,islam_other
1000,1980,BFO,islam_other
1001,1985,BFO,islam_other
1002,1990,BFO,islam_other
1003,1995,BFO,islam_other
1004,2000,BFO,islam_sunni
1005,2005,BFO,islam_sunni
1006,2010,BFO,islam_sunni
1007,1945,LBR,islam_other
1008,1950,LBR,islam_other
1009,1955,LBR,islam_other
1010,1960,LBR,islam_other
1011,1965,LBR,islam_other
1012,1970,LBR,christianity_other
1013,1975,LBR,christianity_other
1014,1980,LBR,christianity_other
1015,1985,LBR,christianity_other
1016,1990,LBR,islam_other
1017,1995,LBR,christianity_other
1018,2000,LBR,christianity_other
1019,2005,LBR,christianity_protestant
1020,2010,LBR,christianity_other
1021,1965,SIE,islam_other
1022,1970,SIE,islam_other
1023,1975,SIE,islam_other
1024,1980,SIE,islam_other
1025,1985,SIE,islam_other
1026,1990,SIE,islam_other
1027,1995,SIE,islam_other
1028,2000,SIE,islam_sunni
1029,2005,SIE,islam_sunni
1030,2010,SIE,islam_sunni
1031,1960,GHA,christianity_other
1032,1965,GHA,christianity_other
1033,1970,GHA,christianity_other
1034,1975,GHA,christianity_other
1035,1980,GHA,christianity_other
1036,1985,GHA,christianity_other
1037,1990,GHA,christianity_other
1038,1995,GHA,christianity_other
1039,2000,GHA,christianity_protestant
1040,2005,GHA,christianity_protestant
1041,2010,GHA,christianity_protestant
1042,1960,TOG,christianity_romancatholic
1043,1965,TOG,christianity_romancatholic
1044,1970,TOG,christianity_romancatholic
1045,1975,TOG,christianity_romancatholic
1046,1980,TOG,christianity_romancatholic
1047,1985,TOG,christianity_romancatholic
1048,1990,TOG,christianity_romancatholic
1049,1995,TOG,christianity_romancatholic
1050,2000,TOG,christianity_romancatholic
1051,2005,TOG,christianity_romancatholic
1052,2010,TOG,christianity_romancatholic
1053,1960,CAO,christianity_romancatholic
1054,1965,CAO,christianity_romancatholic
1055,1970,CAO,islam_other
1056,1975,CAO,christianity_romancatholic
1057,1980,CAO,christianity_romancatholic
1058,1985,CAO,christianity_romancatholic
1059,1990,CAO,christianity_romancatholic
1060,1995,CAO,christianity_romancatholic
1061,2000,CAO,christianity_romancatholic
1062,2005,CAO,christianity_romancatholic
1063,2010,CAO,christianity_romancatholic
1064,1960,NIG,islam_other
1065,1965,NIG,islam_other
1066,1970,NIG,islam_other
1067,1975,NIG,islam_other
1068,1980,NIG,islam_other
1069,1985,NIG,islam_other
1070,1990,NIG,islam_other
1071,1995,NIG,islam_other
1072,2000,NIG,islam_sunni
1073,2005,NIG,islam_sunni
1074,2010,NIG,islam_sunni
1075,1960,GAB,christianity_romancatholic
1076,1965,GAB,christianity_romancatholic
1077,1970,GAB,christianity_romancatholic
1078,1975,GAB,christianity_romancatholic
1079,1980,GAB,christianity_romancatholic
1080,1985,GAB,christianity_romancatholic
1081,1990,GAB,christianity_romancatholic
1082,1995,GAB,christianity_romancatholic
1083,2000,GAB,christianity_romancatholic
1084,2005,GAB,christianity_romancatholic
1085,2010,GAB,christianity_romancatholic
1086,1960,CEN,christianity_other
1087,1965,CEN,christianity_other
1088,1970,CEN,christianity_other
1089,1975,CEN,christianity_other
1090,1980,CEN,christianity_other
1091,1985,CEN,christianity_other
1092,1990,CEN,christianity_other
1093,1995,CEN,christianity_other
1094,2000,CEN,christianity_romancatholic
1095,2005,CEN,christianity_romancatholic
1096,2010,CEN,christianity_romancatholic
1097,1960,CHA,islam_other
1098,1965,CHA,islam_other
1099,1970,CHA,islam_other
1100,1975,CHA,islam_other
1101,1980,CHA,islam_other
1102,1985,CHA,islam_other
1103,1990,CHA,islam_other
1104,1995,CHA,islam_other
1105,2000,CHA,islam_sunni
1106,2005,CHA,islam_sunni
1107,2010,CHA,islam_sunni
1108,1960,CON,christianity_other
1109,1965,CON,christianity_other
1110,1970,CON,christianity_other
1111,1975,CON,christianity_other
1112,1980,CON,christianity_other
1113,1985,CON,christianity_romancatholic
1114,1990,CON,christianity_romancatholic
1115,1995,CON,christianity_romancatholic
1116,2000,CON,christianity_romancatholic
1117,2005,CON,christianity_romancatholic
1118,2010,CON,christianity_romancatholic
1119,1960,DRC,christianity_romancatholic
1120,1965,DRC,christianity_romancatholic
1121,1970,DRC,christianity_romancatholic
1122,1975,DRC,christianity_romancatholic
1123,1980,DRC,christianity_romancatholic
1124,1985,DRC,christianity_romancatholic
1125,1990,DRC,christianity_romancatholic
1126,1995,DRC,christianity_romancatholic
1127,2000,DRC,christianity_romancatholic
1128,2005,DRC,christianity_romancatholic
1129,2010,DRC,christianity_romancatholic
1130,1965,UGA,christianity_romancatholic
1131,1970,UGA,christianity_romancatholic
1132,1975,UGA,christianity_romancatholic
1133,1980,UGA,christianity_romancatholic
1134,1985,UGA,christianity_romancatholic
1135,1990,UGA,christianity_romancatholic
1136,1995,UGA,christianity_romancatholic
1137,2000,UGA,christianity_romancatholic
1138,2005,UGA,christianity_romancatholic
1139,2010,UGA,christianity_romancatholic
1140,1965,KEN,christianity_other
1141,1970,KEN,christianity_other
1142,1975,KEN,christianity_other
1143,1980,KEN,christianity_other
1144,1985,KEN,christianity_other
1145,1990,KEN,christianity_other
1146,1995,KEN,christianity_protestant
1147,2000,KEN,christianity_protestant
1148,2005,KEN,christianity_protestant
1149,2010,KEN,christianity_protestant
1150,1965,TAZ,islam_other
1151,1970,TAZ,islam_other
1152,1975,TAZ,islam_other
1153,1980,TAZ,islam_other
1154,1985,TAZ,islam_other
1155,1990,TAZ,islam_other
1156,1995,TAZ,islam_other
1157,2000,TAZ,islam_sunni
1158,2005,TAZ,islam_sunni
1159,2010,TAZ,islam_sunni
1160,1965,BUI,christianity_romancatholic
1161,1970,BUI,christianity_romancatholic
1162,1975,BUI,christianity_romancatholic
1163,1980,BUI,christianity_romancatholic
1164,1985,BUI,christianity_romancatholic
1165,1990,BUI,christianity_romancatholic
1166,1995,BUI,christianity_romancatholic
1167,2000,BUI,christianity_romancatholic
1168,2005,BUI,christianity_romancatholic
1169,2010,BUI,christianity_romancatholic
1170,1965,RWA,christianity_romancatholic
1171,1970,RWA,christianity_romancatholic
1172,1975,RWA,christianity_romancatholic
1173,1980,RWA,christianity_romancatholic
1174,1985,RWA,christianity_romancatholic
1175,1990,RWA,christianity_romancatholic
1176,1995,RWA,christianity_romancatholic
1177,2000,RWA,christianity_romancatholic
1178,2005,RWA,christianity_romancatholic
1179,2010,RWA,christianity_romancatholic
1180,1960,SOM,islam_sunni
1181,1965,SOM,islam_sunni
1182,1970,SOM,islam_sunni
1183,1975,SOM,islam_sunni
1184,1980,SOM,islam_sunni
1185,1985,SOM,islam_sunni
1186,1990,SOM,islam_sunni
1187,1995,SOM,islam_sunni
1188,2000,SOM,islam_sunni
1189,2005,SOM,islam_sunni
1190,2010,SOM,islam_sunni
1191,1980,DJI,islam_other
1192,1985,DJI,islam_other
1193,1990,DJI,islam_other
1194,1995,DJI,islam_other
1195,2000,DJI,islam_sunni
1196,2005,DJI,islam_sunni
1197,2010,DJI,islam_sunni
1198,1945,ETH,christianity_easternorthodox
1199,1950,ETH,christianity_easternorthodox
1200,1955,ETH,christianity_easternorthodox
1201,1960,ETH,christianity_easternorthodox
1202,1965,ETH,christianity_easternorthodox
1203,1970,ETH,christianity_easternorthodox
1204,1975,ETH,christianity_easternorthodox
1205,1980,ETH,christianity_easternorthodox
1206,1985,ETH,christianity_easternorthodox
1207,1990,ETH,christianity_easternorthodox
1208,1995,ETH,christianity_easternorthodox
1209,2000,ETH,christianity_easternorthodox
1210,2005,ETH,christianity_easternorthodox
1211,2010,ETH,christianity_easternorthodox
1212,1995,ERI,islam_other
1213,2000,ERI,islam_sunni
1214,2005,ERI,islam_sunni
1215,2010,ERI,christianity_easternorthodox
1216,1975,ANG,christianity_romancatholic
1217,1980,ANG,christianity_romancatholic
1218,1985,ANG,christianity_romancatholic
1219,1990,ANG,christianity_romancatholic
1220,1995,ANG,christianity_romancatholic
1221,2000,ANG,christianity_romancatholic
1222,2005,ANG,christianity_romancatholic
1223,2010,ANG,christianity_romancatholic
1224,1975,MZM,christianity_romancatholic
1225,1980,MZM,christianity_romancatholic
1226,1985,MZM,christianity_romancatholic
1227,1990,MZM,christianity_romancatholic
1228,1995,MZM,christianity_romancatholic
1229,2000,MZM,islam_sunni
1230,2005,MZM,christianity_romancatholic
1231,2010,MZM,christianity_romancatholic
1232,1965,ZAM,christianity_other
1233,1970,ZAM,christianity_other
1234,1975,ZAM,christianity_other
1235,1980,ZAM,christianity_romancatholic
1236,1985,ZAM,christianity_romancatholic
1237,1990,ZAM,christianity_romancatholic
1238,1995,ZAM,christianity_romancatholic
1239,2000,ZAM,christianity_romancatholic
1240,2005,ZAM,christianity_romancatholic
1241,2010,ZAM,christianity_romancatholic
1242,1965,ZIM,christianity_other
1243,1970,ZIM,christianity_other
1244,1975,ZIM,christianity_other
1245,1980,ZIM,christianity_other
1246,1985,ZIM,christianity_other
1247,1990,ZIM,christianity_other
1248,1995,ZIM,christianity_other
1249,2000,ZIM,christianity_other
1250,2005,ZIM,christianity_other
1251,2010,ZIM,christianity_other
1252,1965,MAW,christianity_protestant
1253,1970,MAW,christianity_romancatholic
1254,1975,MAW,christianity_romancatholic
1255,1980,MAW,christianity_protestant
1256,1985,MAW,christianity_romancatholic
1257,1990,MAW,christianity_romancatholic
1258,1995,MAW,christianity_romancatholic
1259,2000,MAW,christianity_romancatholic
1260,2005,MAW,christianity_protestant
1261,2010,MAW,christianity_protestant
1262,1945,SAF,christianity_other
1263,1950,SAF,christianity_other
1264,1955,SAF,christianity_other
1265,1960,SAF,christianity_other
1266,1965,SAF,christianity_other
1267,1970,SAF,christianity_other
1268,1975,SAF,christianity_other
1269,1980,SAF,christianity_other
1270,1985,SAF,christianity_other
1271,1990,SAF,christianity_other
1272,1995,SAF,christianity_other
1273,2000,SAF,christianity_other
1274,2005,SAF,christianity_other
1275,2010,SAF,christianity_other
1276,1990,NAM,christianity_protestant
1277,1995,NAM,christianity_protestant
1278,2000,NAM,christianity_protestant
1279,2005,NAM,christianity_protestant
1280,2010,NAM,christianity_protestant
1281,1970,LES,christianity_romancatholic
1282,1975,LES,christianity_romancatholic
1283,1980,LES,christianity_romancatholic
1284,1985,LES,christianity_romancatholic
1285,1990,LES,christianity_romancatholic
1286,1995,LES,christianity_romancatholic
1287,2000,LES,christianity_romancatholic
1288,2005,LES,christianity_romancatholic
1289,2010,LES,christianity_romancatholic
1290,1970,BOT,christianity_other
1291,1975,BOT,christianity_other
1292,1980,BOT,christianity_other
1293,1985,BOT,christianity_other
1294,1990,BOT,christianity_other
1295,1995,BOT,christianity_other
1296,2000,BOT,christianity_other
1297,2005,BOT,christianity_other
1298,2010,BOT,christianity_other
1299,1970,SWA,christianity_other
1300,1975,SWA,christianity_other
1301,1980,SWA,christianity_other
1302,1985,SWA,christianity_other
1303,1990,SWA,christianity_other
1304,1995,SWA,christianity_other
1305,2000,SWA,christianity_protestant
1306,2005,SWA,christianity_protestant
1307,2010,SWA,christianity_protestant
1308,1960,MAG,christianity_protestant
1309,1965,MAG,christianity_protestant
1310,1970,MAG,christianity_romancatholic
1311,1975,MAG,christianity_romancatholic
1312,1980,MAG,christianity_romancatholic
1313,1985,MAG,christianity_romancatholic
1314,1990,MAG,christianity_protestant
1315,1995,MAG,christianity_protestant
1316,2000,MAG,christianity_romancatholic
1317,2005,MAG,christianity_romancatholic
1318,2010,MAG,christianity_romancatholic
1319,1975,COM,islam_other
1320,1980,COM,islam_other
1321,1985,COM,islam_other
1322,1990,COM,islam_other
1323,1995,COM,islam_other
1324,2000,COM,islam_shi’a
1325,2005,COM,islam_shi’a
1326,2010,COM,islam_shi’a
1327,1970,MAS,christianity_romancatholic
1328,1975,MAS,christianity_romancatholic
1329,1980,MAS,christianity_romancatholic
1330,1985,MAS,christianity_romancatholic
1331,1990,MAS,christianity_romancatholic
1332,1995,MAS,christianity_romancatholic
1333,2000,MAS,christianity_romancatholic
1334,2005,MAS,christianity_romancatholic
1335,2010,MAS,christianity_romancatholic
1336,1980,SEY,christianity_romancatholic
1337,1985,SEY,christianity_romancatholic
1338,1990,SEY,christianity_romancatholic
1339,1995,SEY,christianity_romancatholic
1340,2000,SEY,christianity_romancatholic
1341,2005,SEY,christianity_romancatholic
1342,2010,SEY,christianity_romancatholic
1343,1955,MOR,islam_sunni
1344,1960,MOR,islam_sunni
1345,1965,MOR,islam_sunni
1346,1970,MOR,islam_sunni
1347,1975,MOR,islam_sunni
1348,1980,MOR,islam_sunni
1349,1985,MOR,islam_sunni
1350,1990,MOR,islam_sunni
1351,1995,MOR,islam_sunni
1352,2000,MOR,islam_sunni
1353,2005,MOR,islam_sunni
1354,2010,MOR,islam_sunni
1355,1965,ALG,islam_sunni
1356,1970,ALG,islam_sunni
1357,1975,ALG,islam_sunni
1358,1980,ALG,islam_sunni
1359,1985,ALG,islam_sunni
1360,1990,ALG,islam_sunni
1361,1995,ALG,islam_sunni
1362,2000,ALG,islam_sunni
1363,2005,ALG,islam_sunni
1364,2010,ALG,islam_sunni
1365,1955,TUN,islam_sunni
1366,1960,TUN,islam_sunni
1367,1965,TUN,islam_sunni
1368,1970,TUN,islam_sunni
1369,1975,TUN,islam_sunni
1370,1980,TUN,islam_sunni
1371,1985,TUN,islam_sunni
1372,1990,TUN,islam_sunni
1373,1995,TUN,islam_sunni
1374,2000,TUN,islam_sunni
1375,2005,TUN,islam_sunni
1376,2010,TUN,islam_sunni
1377,1950,LIB,islam_sunni
1378,1955,LIB,islam_sunni
1379,1960,LIB,islam_sunni
1380,1965,LIB,islam_sunni
1381,1970,LIB,islam_sunni
1382,1975,LIB,islam_sunni
1383,1980,LIB,islam_sunni
1384,1985,LIB,islam_sunni
1385,1990,LIB,islam_sunni
1386,1995,LIB,islam_sunni
1387,2000,LIB,islam_sunni
1388,2005,LIB,islam_sunni
1389,2010,LIB,islam_sunni
1390,1960,SUD,islam_sunni
1391,1965,SUD,islam_sunni
1392,1970,SUD,islam_sunni
1393,1975,SUD,islam_sunni
1394,1980,SUD,islam_sunni
1395,1985,SUD,islam_sunni
1396,1990,SUD,islam_sunni
1397,1995,SUD,islam_sunni
1398,2000,SUD,islam_sunni
1399,2005,SUD,islam_sunni
1400,2010,SUD,islam_sunni
1401,1945,IRN,islam_shi’a
1402,1950,IRN,islam_shi’a
1403,1955,IRN,islam_shi’a
1404,1960,IRN,islam_shi’a
1405,1965,IRN,islam_other
1406,1970,IRN,islam_shi’a
1407,1975,IRN,islam_shi’a
1408,1980,IRN,islam_shi’a
1409,1985,IRN,islam_shi’a
1410,1990,IRN,islam_shi’a
1411,1995,IRN,islam_shi’a
1412,2000,IRN,islam_shi’a
1413,2005,IRN,islam_shi’a
1414,2010,IRN,islam_shi’a
1415,1945,TUR,islam_sunni
1416,1950,TUR,islam_sunni
1417,1955,TUR,islam_sunni
1418,1960,TUR,islam_sunni
1419,1965,TUR,islam_sunni
1420,1970,TUR,islam_sunni
1421,1975,TUR,islam_sunni
1422,1980,TUR,islam_sunni
1423,1985,TUR,islam_sunni
1424,1990,TUR,islam_sunni
1425,1995,TUR,islam_sunni
1426,2000,TUR,islam_sunni
1427,2005,TUR,islam_sunni
1428,2010,TUR,islam_sunni
1429,1945,IRQ,islam_shi’a
1430,1950,IRQ,islam_shi’a
1431,1955,IRQ,islam_shi’a
1432,1960,IRQ,islam_shi’a
1433,1965,IRQ,islam_shi’a
1434,1970,IRQ,islam_shi’a
1435,1975,IRQ,islam_shi’a
1436,1980,IRQ,islam_shi’a
1437,1985,IRQ,islam_shi’a
1438,1990,IRQ,islam_shi’a
1439,1995,IRQ,islam_shi’a
1440,2000,IRQ,islam_shi’a
1441,2005,IRQ,islam_shi’a
1442,2010,IRQ,islam_shi’a
1443,1945,EGY,islam_sunni
1444,1950,EGY,islam_sunni
1445,1955,EGY,islam_sunni
1446,1960,EGY,islam_sunni
1447,1965,EGY,islam_sunni
1448,1970,EGY,islam_sunni
1449,1975,EGY,islam_sunni
1450,1980,EGY,islam_sunni
1451,1985,EGY,islam_sunni
1452,1990,EGY,islam_sunni
1453,1995,EGY,islam_sunni
1454,2000,EGY,islam_sunni
1455,2005,EGY,islam_sunni
1456,2010,EGY,islam_sunni
1457,1950,SYR,islam_sunni
1458,1955,SYR,islam_sunni
1459,1960,SYR,islam_sunni
1460,1965,SYR,islam_sunni
1461,1970,SYR,islam_sunni
1462,1975,SYR,islam_sunni
1463,1980,SYR,islam_sunni
1464,1985,SYR,islam_sunni
1465,1990,SYR,islam_sunni
1466,1995,SYR,islam_sunni
1467,2000,SYR,islam_sunni
1468,2005,SYR,islam_sunni
1469,2010,SYR,islam_sunni
1470,1945,LEB,christianity_romancatholic
1471,1950,LEB,christianity_romancatholic
1472,1955,LEB,christianity_romancatholic
1473,1960,LEB,christianity_romancatholic
1474,1965,LEB,christianity_romancatholic
1475,1970,LEB,christianity_romancatholic
1476,1975,LEB,christianity_romancatholic
1477,1980,LEB,christianity_romancatholic
1478,1985,LEB,christianity_romancatholic
1479,1990,LEB,christianity_romancatholic
1480,1995,LEB,islam_shi’a
1481,2000,LEB,islam_shi’a
1482,2005,LEB,islam_sunni
1483,2010,LEB,islam_sunni
1484,1945,JOR,islam_sunni
1485,1950,JOR,islam_sunni
1486,1955,JOR,islam_sunni
1487,1960,JOR,islam_sunni
1488,1965,JOR,islam_sunni
1489,1970,JOR,islam_sunni
1490,1975,JOR,islam_sunni
1491,1980,JOR,islam_sunni
1492,1985,JOR,islam_sunni
1493,1990,JOR,islam_sunni
1494,1995,JOR,islam_sunni
1495,2000,JOR,islam_sunni
1496,2005,JOR,islam_sunni
1497,2010,JOR,islam_sunni
1498,1950,ISR,judaism_orthodox
1499,1955,ISR,judaism_orthodox
1500,1960,ISR,judaism_orthodox
1501,1965,ISR,judaism_orthodox
1502,1970,ISR,judaism_orthodox
1503,1975,ISR,judaism_orthodox
1504,1980,ISR,judaism_orthodox
1505,1985,ISR,judaism_orthodox
1506,1990,ISR,judaism_orthodox
1507,1995,ISR,judaism_orthodox
1508,2000,ISR,judaism_orthodox
1509,2005,ISR,judaism_orthodox
1510,2010,ISR,judaism_orthodox
1511,1945,SAU,islam_sunni
1512,1950,SAU,islam_sunni
1513,1955,SAU,islam_sunni
1514,1960,SAU,islam_sunni
1515,1965,SAU,islam_sunni
1516,1970,SAU,islam_sunni
1517,1975,SAU,islam_sunni
1518,1980,SAU,islam_sunni
1519,1985,SAU,islam_sunni
1520,1990,SAU,islam_sunni
1521,1995,SAU,islam_sunni
1522,2000,SAU,islam_sunni
1523,2005,SAU,islam_sunni
1524,2010,SAU,islam_sunni
1525,1945,YAR,islam_shi’a
1526,1950,YAR,islam_shi’a
1527,1955,YAR,islam_shi’a
1528,1960,YAR,islam_shi’a
1529,1965,YAR,islam_shi’a
1530,1970,YAR,islam_shi’a
1531,1975,YAR,islam_shi’a
1532,1980,YAR,islam_shi’a
1533,1985,YAR,islam_shi’a
1534,1990,YAR,islam_shi’a
1535,1990,YEM,islam_sunni
1536,1995,YEM,islam_sunni
1537,2000,YEM,islam_sunni
1538,2005,YEM,islam_sunni
1539,2010,YEM,islam_sunni
1540,1970,YPR,islam_sunni
1541,1975,YPR,islam_sunni
1542,1980,YPR,islam_sunni
1543,1985,YPR,islam_sunni
1544,1990,YPR,islam_sunni
1545,1960,KUW,islam_sunni
1546,1965,KUW,islam_sunni
1547,1970,KUW,islam_sunni
1548,1975,KUW,islam_sunni
1549,1980,KUW,islam_sunni
1550,1985,KUW,islam_sunni
1551,1990,KUW,islam_sunni
1552,1995,KUW,islam_sunni
1553,2000,KUW,islam_sunni
1554,2005,KUW,islam_sunni
1555,2010,KUW,islam_sunni
1556,1970,BAH,islam_sunni
1557,1975,BAH,islam_sunni
1558,1980,BAH,islam_shi’a
1559,1985,BAH,islam_shi’a
1560,1990,BAH,islam_shi’a
1561,1995,BAH,islam_shi’a
1562,2000,BAH,islam_shi’a
1563,2005,BAH,islam_shi’a
1564,2010,BAH,islam_shi’a
1565,1970,QAT,islam_sunni
1566,1975,QAT,islam_sunni
1567,1980,QAT,islam_sunni
1568,1985,QAT,islam_sunni
1569,1990,QAT,islam_sunni
1570,1995,QAT,islam_sunni
1571,2000,QAT,islam_sunni
1572,2005,QAT,islam_sunni
1573,2010,QAT,islam_sunni
1574,1970,UAE,islam_sunni
1575,1975,UAE,islam_sunni
1576,1980,UAE,islam_sunni
1577,1985,UAE,islam_sunni
1578,1990,UAE,islam_sunni
1579,1995,UAE,islam_sunni
1580,2000,UAE,islam_sunni
1581,2005,UAE,islam_sunni
1582,2010,UAE,islam_sunni
1583,1970,OMA,islam_ibadhi
1584,1975,OMA,islam_sunni
1585,1980,OMA,islam_ibadhi
1586,1985,OMA,islam_ibadhi
1587,1990,OMA,islam_ibadhi
1588,1995,OMA,islam_ibadhi
1589,2000,OMA,islam_ibadhi
1590,2005,OMA,islam_ibadhi
1591,2010,OMA,islam_ibadhi
1592,1945,AFG,islam_sunni
1593,1950,AFG,islam_sunni
1594,1955,AFG,islam_sunni
1595,1960,AFG,islam_sunni
1596,1965,AFG,islam_sunni
1597,1970,AFG,islam_sunni
1598,1975,AFG,islam_sunni
1599,1980,AFG,islam_sunni
1600,1985,AFG,islam_sunni
1601,1990,AFG,islam_sunni
1602,1995,AFG,islam_sunni
1603,2000,AFG,islam_sunni
1604,2005,AFG,islam_sunni
1605,2010,AFG,islam_sunni
1606,1995,TKM,islam_sunni
1607,2000,TKM,islam_sunni
1608,2005,TKM,islam_sunni
1609,2010,TKM,islam_sunni
1610,1995,TAJ,islam_sunni
1611,2000,TAJ,islam_sunni
1612,2005,TAJ,islam_sunni
1613,2010,TAJ,islam_sunni
1614,1995,KYR,islam_sunni
1615,2000,KYR,islam_sunni
1616,2005,KYR,islam_sunni
1617,2010,KYR,islam_sunni
1618,1995,UZB,islam_sunni
1619,2000,UZB,islam_sunni
1620,2005,UZB,islam_sunni
1621,2010,UZB,islam_sunni
1622,1995,KZK,islam_sunni
1623,2000,KZK,islam_sunni
1624,2005,KZK,islam_sunni
1625,2010,KZK,islam_sunni
1626,1945,CHN,buddhism_other
1627,1950,CHN,buddhism_other
1628,1955,CHN,buddhism_other
1629,1960,CHN,buddhism_other
1630,1965,CHN,buddhism_other
1631,1970,CHN,buddhism_other
1632,1975,CHN,buddhism_other
1633,1980,CHN,buddhism_other
1634,1985,CHN,buddhism_other
1635,1990,CHN,buddhism_other
1636,1995,CHN,buddhism_other
1637,2000,CHN,buddhism_other
1638,2005,CHN,buddhism_other
1639,2010,CHN,buddhism_other
1640,1945,MON,buddhism_other
1641,1950,MON,buddhism_other
1642,1955,MON,buddhism_other
1643,1960,MON,buddhism_other
1644,1965,MON,buddhism_other
1645,1970,MON,buddhism_other
1646,1975,MON,buddhism_other
1647,1980,MON,buddhism_other
1648,1985,MON,buddhism_other
1649,1990,MON,buddhism_other
1650,1995,MON,buddhism_other
1651,2000,MON,buddhism_other
1652,2005,MON,buddhism_other
1653,2010,MON,buddhism_other
1654,1950,TAW,buddhism_other
1655,1955,TAW,buddhism_other
1656,1960,TAW,buddhism_other
1657,1965,TAW,buddhism_other
1658,1970,TAW,buddhism_other
1659,1975,TAW,buddhism_other
1660,1980,TAW,buddhism_other
1661,1985,TAW,buddhism_other
1662,1990,TAW,buddhism_other
1663,1995,TAW,buddhism_other
1664,2000,TAW,buddhism_other
1665,2005,TAW,buddhism_other
1666,2010,TAW,buddhism_other
1667,1950,PRK,buddhism_other
1668,1955,PRK,buddhism_other
1669,1960,PRK,buddhism_other
1670,1965,PRK,buddhism_other
1671,1970,PRK,buddhism_other
1672,1975,PRK,buddhism_other
1673,1980,PRK,buddhism_other
1674,1985,PRK,buddhism_other
1675,1990,PRK,buddhism_other
1676,1995,PRK,buddhism_other
1677,2000,PRK,buddhism_other
1678,2005,PRK,buddhism_other
1679,2010,PRK,buddhism_other
1680,1950,ROK,buddhism_other
1681,1955,ROK,buddhism_other
1682,1960,ROK,buddhism_other
1683,1965,ROK,buddhism_other
1684,1970,ROK,buddhism_other
1685,1975,ROK,buddhism_other
1686,1980,ROK,buddhism_other
1687,1985,ROK,buddhism_other
1688,1990,ROK,buddhism_other
1689,1995,ROK,buddhism_other
1690,2000,ROK,buddhism_other
1691,2005,ROK,buddhism_other
1692,2010,ROK,buddhism_other
1693,1945,JPN,buddhism_other
1694,1950,JPN,buddhism_other
1695,1955,JPN,buddhism_other
1696,1960,JPN,buddhism_other
1697,1965,JPN,buddhism_other
1698,1970,JPN,buddhism_other
1699,1975,JPN,buddhism_other
1700,1980,JPN,buddhism_other
1701,1985,JPN,buddhism_other
1702,1990,JPN,buddhism_other
1703,1995,JPN,buddhism_other
1704,2000,JPN,buddhism_other
1705,2005,JPN,buddhism_other
1706,2010,JPN,buddhism_other
1707,1950,IND,islam_other
1708,1955,IND,islam_other
1709,1960,IND,islam_other
1710,1965,IND,islam_other
1711,1970,IND,islam_other
1712,1975,IND,islam_other
1713,1980,IND,islam_other
1714,1985,IND,islam_other
1715,1990,IND,islam_other
1716,1995,IND,islam_other
1717,2000,IND,islam_sunni
1718,2005,IND,islam_sunni
1719,2010,IND,islam_sunni
1720,1975,BHU,buddhism_other
1721,1980,BHU,buddhism_other
1722,1985,BHU,buddhism_other
1723,1990,BHU,buddhism_other
1724,1995,BHU,buddhism_other
1725,2000,BHU,buddhism_mahayana
1726,2005,BHU,buddhism_mahayana
1727,2010,BHU,buddhism_mahayana
1728,1950,PAK,islam_other
1729,1955,PAK,islam_other
1730,1960,PAK,islam_other
1731,1965,PAK,islam_other
1732,1970,PAK,islam_other
1733,1975,PAK,islam_other
1734,1980,PAK,islam_other
1735,1985,PAK,islam_other
1736,1990,PAK,islam_other
1737,1995,PAK,islam_sunni
1738,2000,PAK,islam_sunni
1739,2005,PAK,islam_sunni
1740,2010,PAK,islam_sunni
1741,1975,BNG,islam_sunni
1742,1980,BNG,islam_sunni
1743,1985,BNG,islam_sunni
1744,1990,BNG,islam_sunni
1745,1995,BNG,islam_sunni
1746,2000,BNG,islam_sunni
1747,2005,BNG,islam_sunni
1748,2010,BNG,islam_sunni
1749,1950,MYA,buddhism_theravada
1750,1955,MYA,buddhism_theravada
1751,1960,MYA,buddhism_theravada
1752,1965,MYA,buddhism_theravada
1753,1970,MYA,buddhism_theravada
1754,1975,MYA,buddhism_theravada
1755,1980,MYA,buddhism_theravada
1756,1985,MYA,buddhism_theravada
1757,1990,MYA,buddhism_theravada
1758,1995,MYA,buddhism_theravada
1759,2000,MYA,buddhism_theravada
1760,2005,MYA,buddhism_theravada
1761,2010,MYA,buddhism_theravada
1762,1950,SRI,buddhism_other
1763,1955,SRI,buddhism_other
1764,1960,SRI,buddhism_other
1765,1965,SRI,buddhism_other
1766,1970,SRI,buddhism_other
1767,1975,SRI,buddhism_other
1768,1980,SRI,buddhism_other
1769,1985,SRI,buddhism_other
1770,1990,SRI,buddhism_other
1771,1995,SRI,buddhism_other
1772,2000,SRI,buddhism_theravada
1773,2005,SRI,buddhism_theravada
1774,2010,SRI,buddhism_theravada
1775,1965,MAD,islam_other
1776,1970,MAD,islam_other
1777,1975,MAD,islam_other
1778,1980,MAD,islam_other
1779,1985,MAD,islam_other
1780,1990,MAD,islam_other
1781,1995,MAD,islam_other
1782,2000,MAD,islam_sunni
1783,2005,MAD,islam_sunni
1784,2010,MAD,islam_sunni
1785,1945,NEP,buddhism_other
1786,1950,NEP,buddhism_other
1787,1955,NEP,buddhism_other
1788,1960,NEP,buddhism_other
1789,1965,NEP,buddhism_other
1790,1970,NEP,buddhism_other
1791,1975,NEP,buddhism_other
1792,1980,NEP,buddhism_other
1793,1985,NEP,buddhism_other
1794,1990,NEP,buddhism_other
1795,1995,NEP,buddhism_other
1796,2000,NEP,buddhism_other
1797,2005,NEP,buddhism_other
1798,2010,NEP,buddhism_other
1799,1945,THI,buddhism_other
1800,1950,THI,buddhism_other
1801,1955,THI,buddhism_theravada
1802,1960,THI,buddhism_other
1803,1965,THI,buddhism_other
1804,1970,THI,buddhism_other
1805,1975,THI,buddhism_other
1806,1980,THI,buddhism_other
1807,1985,THI,buddhism_other
1808,1990,THI,buddhism_other
1809,1995,THI,buddhism_other
1810,2000,THI,buddhism_theravada
1811,2005,THI,buddhism_theravada
1812,2010,THI,buddhism_theravada
1813,1955,CAM,buddhism_other
1814,1960,CAM,buddhism_other
1815,1965,CAM,buddhism_other
1816,1970,CAM,buddhism_other
1817,1975,CAM,buddhism_other
1818,1980,CAM,buddhism_theravada
1819,1985,CAM,buddhism_theravada
1820,1990,CAM,buddhism_theravada
1821,1995,CAM,buddhism_theravada
1822,2000,CAM,buddhism_theravada
1823,2005,CAM,buddhism_theravada
1824,2010,CAM,buddhism_theravada
1825,1955,LAO,buddhism_other
1826,1960,LAO,buddhism_other
1827,1965,LAO,buddhism_other
1828,1970,LAO,buddhism_other
1829,1975,LAO,buddhism_other
1830,1980,LAO,buddhism_other
1831,1985,LAO,buddhism_other
1832,1990,LAO,buddhism_other
1833,1995,LAO,buddhism_other
1834,2000,LAO,buddhism_theravada
1835,2005,LAO,buddhism_theravada
1836,2010,LAO,buddhism_theravada
1837,1955,DRV,buddhism_other
1838,1960,DRV,buddhism_other
1839,1965,DRV,buddhism_other
1840,1970,DRV,buddhism_other
1841,1975,DRV,buddhism_other
1842,1980,DRV,buddhism_other
1843,1985,DRV,buddhism_other
1844,1990,DRV,buddhism_other
1845,1995,DRV,buddhism_other
1846,2000,DRV,buddhism_other
1847,2005,DRV,buddhism_theravada
1848,2010,DRV,buddhism_theravada
1849,1955,RVN,buddhism_other
1850,1960,RVN,buddhism_other
1851,1965,RVN,buddhism_other
1852,1970,RVN,buddhism_other
1853,1960,MAL,islam_other
1854,1965,MAL,islam_other
1855,1970,MAL,islam_other
1856,1975,MAL,islam_other
1857,1980,MAL,islam_other
1858,1985,MAL,islam_other
1859,1990,MAL,islam_sunni
1860,1995,MAL,islam_sunni
1861,2000,MAL,islam_sunni
1862,2005,MAL,islam_sunni
1863,2010,MAL,islam_sunni
1864,1965,SIN,islam_other
1865,1970,SIN,islam_other
1866,1975,SIN,islam_other
1867,1980,SIN,islam_other
1868,1985,SIN,islam_other
1869,1990,SIN,islam_other
1870,1995,SIN,islam_other
1871,2000,SIN,buddhism_other
1872,2005,SIN,buddhism_other
1873,2010,SIN,buddhism_other
1874,1985,BRU,islam_other
1875,1990,BRU,islam_other
1876,1995,BRU,islam_other
1877,2000,BRU,islam_other
1878,2005,BRU,islam_other
1879,2010,BRU,islam_other
1880,1950,PHI,christianity_romancatholic
1881,1955,PHI,christianity_romancatholic
1882,1960,PHI,christianity_romancatholic
1883,1965,PHI,christianity_romancatholic
1884,1970,PHI,christianity_romancatholic
1885,1975,PHI,christianity_romancatholic
1886,1980,PHI,christianity_romancatholic
1887,1985,PHI,christianity_romancatholic
1888,1990,PHI,christianity_romancatholic
1889,1995,PHI,christianity_romancatholic
1890,2000,PHI,christianity_romancatholic
1891,2005,PHI,christianity_romancatholic
1892,2010,PHI,christianity_romancatholic
1893,1950,INS,islam_other
1894,1955,INS,islam_other
1895,1960,INS,islam_other
1896,1965,INS,islam_other
1897,1970,INS,islam_other
1898,1975,INS,islam_other
1899,1990,INS,islam_sunni
1900,1995,INS,islam_sunni
1901,2000,INS,islam_sunni
1902,2005,INS,islam_sunni
1903,2010,INS,islam_sunni
1904,2005,ETM,christianity_romancatholic
1905,2010,ETM,christianity_romancatholic
1906,1945,AUL,christianity_anglican
1907,1950,AUL,christianity_anglican
1908,1955,AUL,christianity_anglican
1909,1960,AUL,christianity_anglican
1910,1965,AUL,christianity_anglican
1911,1970,AUL,christianity_anglican
1912,1975,AUL,christianity_romancatholic
1913,1980,AUL,christianity_romancatholic
1914,1985,AUL,christianity_romancatholic
1915,1990,AUL,christianity_romancatholic
1916,1995,AUL,christianity_romancatholic
1917,2000,AUL,christianity_romancatholic
1918,2005,AUL,christianity_romancatholic
1919,2010,AUL,christianity_romancatholic
1920,1975,PNG,christianity_protestant
1921,1980,PNG,christianity_protestant
1922,1985,PNG,christianity_protestant
1923,1990,PNG,christianity_protestant
1924,1995,PNG,christianity_protestant
1925,2000,PNG,christianity_protestant
1926,2005,PNG,christianity_protestant
1927,2010,PNG,christianity_protestant
1928,1945,NEW,christianity_protestant
1929,1950,NEW,christianity_anglican
1930,1955,NEW,christianity_anglican
1931,1960,NEW,christianity_protestant
1932,1965,NEW,christianity_protestant
1933,1970,NEW,christianity_anglican
1934,1975,NEW,christianity_anglican
1935,1980,NEW,christianity_protestant
1936,1985,NEW,christianity_anglican
1937,1990,NEW,christianity_protestant
1938,1995,NEW,christianity_protestant
1939,2000,NEW,christianity_protestant
1940,2005,NEW,christianity_anglican
1941,2010,NEW,christianity_anglican
1942,1985,VAN,christianity_protestant
1943,1990,VAN,christianity_protestant
1944,1995,VAN,christianity_protestant
1945,2000,VAN,christianity_protestant
1946,2005,VAN,christianity_protestant
1947,2010,VAN,christianity_protestant
1948,1980,SOL,christianity_protestant
1949,1985,SOL,christianity_protestant
1950,1990,SOL,christianity_protestant
1951,1995,SOL,christianity_protestant
1952,2000,SOL,christianity_protestant
1953,2005,SOL,christianity_protestant
1954,2010,SOL,christianity_protestant
1955,2000,KIR,christianity_romancatholic
1956,2005,KIR,christianity_romancatholic
1957,2010,KIR,christianity_romancatholic
1958,2000,TUV,christianity_protestant
1959,2005,TUV,christianity_protestant
1960,2010,TUV,christianity_protestant
1961,1970,FIJ,christianity_protestant
1962,1975,FIJ,christianity_protestant
1963,1980,FIJ,christianity_protestant
1964,1985,FIJ,christianity_protestant
1965,1990,FIJ,christianity_protestant
1966,1995,FIJ,christianity_protestant
1967,2000,FIJ,christianity_protestant
1968,2005,FIJ,christianity_protestant
1969,2010,FIJ,christianity_protestant
1970,2000,TON,christianity_protestant
1971,2005,TON,christianity_protestant
1972,2010,TON,christianity_protestant
1973,2000,NAU,christianity_protestant
1974,2005,NAU,christianity_protestant
1975,2010,NAU,christianity_protestant
1976,1995,MSI,christianity_protestant
1977,2000,MSI,christianity_protestant
1978,2005,MSI,christianity_protestant
1979,2010,MSI,christianity_protestant
1980,1995,PAL,christianity_romancatholic
1981,2000,PAL,christianity_romancatholic
1982,2005,PAL,christianity_romancatholic
1983,2010,PAL,christianity_romancatholic
1984,1995,FSM,christianity_romancatholic
1985,2000,FSM,christianity_romancatholic
1986,2005,FSM,christianity_romancatholic
1987,2010,FSM,christianity_romancatholic
1988,1980,WSM,christianity_protestant
1989,1985,WSM,christianity_protestant
1990,1990,WSM,christianity_protestant
1991,1995,WSM,christianity_protestant
1992,2000,WSM,christianity_protestant
1993,2005,WSM,christianity_protestant
1994,2010,WSM,christianity_protestant
