,Year,Countries,Wealth_share_percent
0,2000,Australia,
1,2001,Australia,
2,2002,Australia,
3,2003,Australia,1.9
4,2004,Australia,1.9
5,2005,Australia,
6,2006,Australia,2.0
7,2007,Australia,2.3
8,2008,Australia,
9,2009,Australia,2.4
10,2010,Australia,
11,2011,Australia,
12,2012,Australia,
13,2013,Australia,
14,2014,Australia,2.2
15,2015,Australia,2.2
16,2016,Australia,2.2
17,2017,Australia,2.2
18,2018,Australia,
19,2019,Australia,
20,2020,Australia,
21,2021,Australia,2.3
22,2022,Australia,
23,2000,Canada,2.2
24,2001,Canada,2.1
25,2002,Canada,2.0
26,2003,Canada,2.2
27,2004,Canada,2.2
28,2005,Canada,2.4
29,2006,Canada,2.3
30,2007,Canada,2.6
31,2008,Canada,2.2
32,2009,Canada,2.6
33,2010,Canada,2.7
34,2011,Canada,2.7
35,2012,Canada,2.8
36,2013,Canada,2.7
37,2014,Canada,2.6
38,2015,Canada,2.3
39,2016,Canada,2.5
40,2017,Canada,2.4
41,2018,Canada,2.2
42,2019,Canada,2.3
43,2020,Canada,2.5
44,2021,Canada,2.7
45,2022,Canada,2.5
46,2000,China,3.1
47,2001,China,3.6
48,2002,China,3.7
49,2003,China,3.7
50,2004,China,3.9
51,2005,China,4.7
52,2006,China,5.0
53,2007,China,6.0
54,2008,China,8.2
55,2009,China,8.6
56,2010,China,10.1
57,2011,China,11.9
58,2012,China,12.5
59,2013,China,13.8
60,2014,China,15.1
61,2015,China,15.6
62,2016,China,16.7
63,2017,China,17.4
64,2018,China,18.4
65,2019,China,18.1
66,2020,China,17.5
67,2021,China,18.5
68,2022,China,18.6
69,2000,France,4.0
70,2001,France,4.0
71,2002,France,4.6
72,2003,France,5.2
73,2004,France,5.6
74,2005,France,5.3
75,2006,France,5.8
76,2007,France,6.1
77,2008,France,6.0
78,2009,France,5.7
79,2010,France,5.4
80,2011,France,5.1
81,2012,France,4.8
82,2013,France,4.8
83,2014,France,4.2
84,2015,France,3.9
85,2016,France,3.8
86,2017,France,3.9
87,2018,France,3.8
88,2019,France,3.6
89,2020,France,3.9
90,2021,France,3.5
91,2022,France,3.5
92,2000,Germany,5.2
93,2001,Germany,5.2
94,2002,Germany,5.5
95,2003,Germany,5.8
96,2004,Germany,5.7
97,2005,Germany,5.0
98,2006,Germany,5.0
99,2007,Germany,5.3
100,2008,Germany,5.4
101,2009,Germany,5.3
102,2010,Germany,4.7
103,2011,Germany,4.6
104,2012,Germany,4.6
105,2013,Germany,4.7
106,2014,Germany,4.3
107,2015,Germany,4.0
108,2016,Germany,3.9
109,2017,Germany,4.1
110,2018,Germany,4.1
111,2019,Germany,4.0
112,2020,Germany,4.3
113,2021,Germany,4.0
114,2022,Germany,3.8
115,2000,India,
116,2001,India,
117,2002,India,
118,2003,India,
119,2004,India,
120,2005,India,
121,2006,India,
122,2007,India,
123,2008,India,2.2
124,2009,India,
125,2010,India,2.7
126,2011,India,2.5
127,2012,India,2.7
128,2013,India,2.6
129,2014,India,2.8
130,2015,India,3.0
131,2016,India,3.2
132,2017,India,3.3
133,2018,India,3.4
134,2019,India,3.4
135,2020,India,3.0
136,2021,India,3.2
137,2022,India,3.4
138,2000,Italy,4.7
139,2001,Italy,4.6
140,2002,Italy,5.3
141,2003,Italy,5.7
142,2004,Italy,5.7
143,2005,Italy,5.2
144,2006,Italy,5.5
145,2007,Italy,5.5
146,2008,Italy,5.6
147,2009,Italy,5.4
148,2010,Italy,4.6
149,2011,Italy,4.3
150,2012,Italy,4.2
151,2013,Italy,4.1
152,2014,Italy,3.9
153,2015,Italy,3.5
154,2016,Italy,3.3
155,2017,Italy,3.3
156,2018,Italy,3.0
157,2019,Italy,2.8
158,2020,Italy,2.9
159,2021,Italy,2.5
160,2022,Italy,2.4
161,2000,Japan,16.5
162,2001,Japan,14.1
163,2002,Japan,13.8
164,2003,Japan,12.9
165,2004,Japan,11.5
166,2005,Japan,10.7
167,2006,Japan,9.5
168,2007,Japan,8.6
169,2008,Japan,11.2
170,2009,Japan,10.2
171,2010,Japan,11.4
172,2011,Japan,11.4
173,2012,Japan,9.8
174,2013,Japan,7.8
175,2014,Japan,7.1
176,2015,Japan,7.2
177,2016,Japan,7.2
178,2017,Japan,6.7
179,2018,Japan,6.7
180,2019,Japan,6.5
181,2020,Japan,6.3
182,2021,Japan,5.4
183,2022,Japan,5.0
184,2000,South Korea,1.5
185,2001,South Korea,1.5
186,2002,South Korea,1.7
187,2003,South Korea,
188,2004,South Korea,
189,2005,South Korea,1.9
190,2006,South Korea,
191,2007,South Korea,
192,2008,South Korea,
193,2009,South Korea,
194,2010,South Korea,
195,2011,South Korea,
196,2012,South Korea,
197,2013,South Korea,
198,2014,South Korea,
199,2015,South Korea,
200,2016,South Korea,
201,2017,South Korea,
202,2018,South Korea,2.2
203,2019,South Korea,2.1
204,2020,South Korea,2.3
205,2021,South Korea,
206,2022,South Korea,2.2
207,2000,Spain,2.1
208,2001,Spain,2.3
209,2002,Spain,2.9
210,2003,Spain,3.5
211,2004,Spain,3.9
212,2005,Spain,3.8
213,2006,Spain,4.2
214,2007,Spain,4.4
215,2008,Spain,4.4
216,2009,Spain,4.1
217,2010,Spain,3.5
218,2011,Spain,3.4
219,2012,Spain,2.9
220,2013,Spain,2.7
221,2014,Spain,
222,2015,Spain,
223,2016,Spain,
224,2017,Spain,
225,2018,Spain,
226,2019,Spain,
227,2020,Spain,
228,2021,Spain,
229,2022,Spain,
230,2000,United Kingdom,5.6
231,2001,United Kingdom,5.6
232,2002,United Kingdom,6.1
233,2003,United Kingdom,6.2
234,2004,United Kingdom,6.5
235,2005,United Kingdom,6.0
236,2006,United Kingdom,6.4
237,2007,United Kingdom,6.2
238,2008,United Kingdom,4.4
239,2009,United Kingdom,4.8
240,2010,United Kingdom,4.4
241,2011,United Kingdom,4.5
242,2012,United Kingdom,4.4
243,2013,United Kingdom,4.5
244,2014,United Kingdom,4.7
245,2015,United Kingdom,4.7
246,2016,United Kingdom,4.0
247,2017,United Kingdom,4.1
248,2018,United Kingdom,3.7
249,2019,United Kingdom,3.6
250,2020,United Kingdom,3.7
251,2021,United Kingdom,3.6
252,2022,United Kingdom,3.5
253,2000,United States,36.9
254,2001,United States,38.8
255,2002,United States,35.1
256,2003,United States,32.8
257,2004,United States,32.5
258,2005,United States,34.4
259,2006,United States,32.3
260,2007,United States,29.3
261,2008,United States,27.5
262,2009,United States,26.3
263,2010,United States,25.7
264,2011,United States,25.2
265,2012,United States,25.6
266,2013,United States,26.8
267,2014,United States,28.6
268,2015,United States,29.5
269,2016,United States,29.9
270,2017,United States,28.4
271,2018,United States,28.5
272,2019,United States,29.6
273,2020,United States,29.9
274,2021,United States,31.3
275,2022,United States,30.8
