Open,06/24/1996 00:30,Aurora,CO,USA,Changing,"Obj. hovered 100 ft above car.  Red, blue lights on corners.  Changed shape from cube to pyramid to triangle.  Landed 800 ft away.",06/26/1996,11/02/1999,
Open,01/01/1997 07:00,Jamestown,ND,USA,Changing,"AUTHOR""S SUMMARY:  The object was around the size of a small car it changed shape and light color and pattern as it moved. it was silen",01/02/1997,10/12/2001,
Open,01/22/1997 03:35,Altus AFB,OK,USA,Changing,"Object breaking up above western oklahoma

At 3:35am Central time over S.W. Oklahoma a bright object came from the north about 30 deg",01/22/1997,03/07/1998,
Open,06/08/1994 22:30,Idaho Falls,ID,USA,changing,"Strange, form-changing objects seen over Idaho Falls.",06/24/1997,01/28/1999,
Open,06/06/1997 03:00,Spain,,Spain,Changing,"It hovered near to our car for 10 min., going from one window to another, changing from a circular shape, to an eliptical, to a square",06/30/1997,01/28/1999,
Open,07/26/1997 03:21,Arlington,WA,USA,Changing,"At 3:20 a.m. I looked out the peephole in the door, and I saw a white object in the sky outside my house. It changed shapes,ovals, tria",07/26/1997,09/26/1998,
Open,08/08/1965 23:10,Minneapolis,MN,USA,Changing,A firery ball came from a high altitude at a steep angle in the northern sky. It leveled off and changed to a dome shape with a pulsati,02/11/1998,01/28/1999,
Open,02/12/1998 22:15,"Sharon (to Brookfield, OH)",PA,USA,Changing,"Object seen as round light initially, changed colors white to yellow, orange-red, yellow, white, then split into 2 white lights with re",02/12/1998,01/28/1999,
Open,12/08/1995 18:00,"Pacific Northwest - flying from Portland to L.A., Ca/Or",CA,USA,Changing,"While flying from Portland oregon to Burbank, Ca. - saw a solid bright light alongside aircraft for about 45 minutes. Object would chan",02/18/1998,01/28/1999,
Open,03/06/1998 23:55,Southampton (Hampshire) (UK/England),,United Kingdom,Changing,we had been out and on the way home (because we had to be home by 12;00) and the sky lit up and a purple and brown shape appeared it wa,06/04/1998,03/19/2002,
Open,02/20/1998 19:00,Kerrville,TX,USA,Changing,"Long white light was stationary, then turned bright orange and moved like a comet, then became round and glowed orange while remaining ",02/20/1998,01/28/1999,
Open,02/23/1998 07:30,Wyoming,MI,USA,Changing,my wife and i were walking across a parking lot toword the east. i saw a very dark object coming from that direction. i pointed it out ,03/11/1998,01/28/1999,
Open,07/15/1962 02:00,Avon-by-the-Sea,NJ,USA,Changing,Approached by a small orange light.  Light changed to a large cicular object.,03/13/1998,01/28/1999,
Open,12/15/1984 20:00,Santiago (Chile),,Chile,Changing,"First: One Object, Second: Few colorfull objects, Final: Again One object",03/31/1998,01/28/1999,
Open,01/08/1998 20:00,"Satellite Point (near, midway between Orlando & Boca)",FL,USA,Changing,"We were driving S. from Orlando on the toll road towards Boca Raton, FLA. We saw the 'moon' glowing a bright orange low in the sky in t",04/02/1998,01/28/1999,
Open,03/29/1998 02:29,Yakima,WA,USA,Changing,The object changed color and shape. It kept the same course and speed flying into the wind.,04/02/1998,01/28/1999,
Open,04/03/1998 00:00,UK/Northern Ireland,,Northern Ireland,Changing,Bright light. Noises. Faces (oval) . Operation. Scars.,04/04/1998,01/28/1999,
Open,04/14/1998 13:19,Vienna,VA,USA,Changing,This object hovered a few hundred feet above the Tysons Marriot for over 5 min.  It seemed to have erratic movements (up & down),04/19/1998,01/28/1999,
Open,05/04/1998 06:00,Moultrie,GA,USA,Changing,It changed shapes slowly and was spinning slowly and it was creepy.,05/08/1998,01/28/1999,
Open,04/18/1998 14:00,Tampa (near),FL,USA,Changing,We  (my wife and I and our 4 children) were headed south on Interstate 75 when to the west we saw (my wife and I) what appeared to be t,04/18/1998,01/28/1999,
Open,05/22/1998 14:20,Indianapolis,IN,USA,Changing,I and my framing crew witnessed this together.We are framing a house on the north side of Indy. Alot of air trafic is going on this day,05/23/1998,01/28/1999,
Open,05/16/1998 23:47,Simla,CO,USA,Changing,went ouy looked up green ball of light decended like a metor then split and right object went off at 90 degrees.,05/23/1998,01/28/1999,
Open,05/28/1998 22:30,Tucker,GA,USA,Changing,a small group of lights flying in a birdlike formation slowly across the sky in a northeast direction.,05/28/1998,11/21/1998,
Open,06/11/1998 17:25,Lincoln City,OR,USA,Changing,Digital camera shots which contain unknown object not seen until photos were downloaded to computer.,06/16/1998,06/18/1998,
Open,06/07/1998 17:00,"Caracas, D.F. (Venezuela)",,Venezuela,Changing,Observe a unos 3 Kilometros Dos Objetos que se acercaban a velocidad impresionante hasta el vehiculo que yo conducia,07/23/1998,11/21/1998,
Open,09/21/1998 17:10,Bakersfield,CA,USA,Changing,At 17:10 hrs I was driving west heading into downtown and had a clear view of the horizon.  Off to the south I saw a silver cylindrical,09/24/1998,09/26/1998,
Open,06/15/1997 22:15,Irvine,CA,USA,Changing,"Craft (looked exactly like Gulf Breeze pictures) flew along nearby hillside, close enough to be seen clearly. Completly silent.",09/18/1998,01/28/1999,
Open,09/18/1998 01:45,Cozad,NE,USA,Changing,I witnessed a distortion of the star field from the right to the left. North to south.,09/18/1998,09/26/1998,
Open,08/29/1998 21:30,West Salem,OH,USA,Changing,"It had approx. 4 large lights, in a diamond shape that would blink, and immediately following it, a large burst of fire from the rear..",08/30/1998,11/01/1998,
Open,03/07/1998 22:00,Chinook,MT,USA,Changing,"I was outside of my house,admiring the night sky,when I noticed an object streak across the sky and then stop very quickly. Then anothe",09/13/1998,01/28/1999,
Open,07/27/1998 03:00,Southampton,NY,USA,Changing,A lot of different lights bouncing around a center light. It had reappearing lights and lines.,07/27/1998,11/21/1998,
Open,08/03/1998 00:00,Salem,MA,USA,Changing,Bright light hovered over Marblhead Bay for several hours. Oval to disk shape but seemed to also change shape as well as color. Bright ,08/02/1998,11/21/1998,
Open,12/22/1988 03:55,Santa Rosa (23 km. south of),CA,USA,Changing,"First off, I am a very skeptical person.  At the time of the sighting, I was a California Highway Patrol Officer for 6 years and very g",08/04/1998,08/05/2001,
Open,08/10/1998 23:30,Georgetown,TX,USA,Changing,Appeared to be space-plane re-entering atmosphere.  Eventually flew directly overhead without ever making a sound.  First appeared to b,08/11/1998,11/01/1998,
Open,10/03/1998 14:30,Carbondale,IL,USA,Changing,"a Black object not moving.  It was about 1500-2000 feet in altitude, and about the size of a gumball held at arms length.",10/16/1998,11/01/1998,
Open,10/10/1998 02:30,Hollywood,CA,USA,Changing,I was standing outside on Sunset Blvd. at Vine and looked straight up which I normally do not do. I saw three bright white lights in a ,10/27/1998,11/01/1998,
Open,10/31/1998 19:00,Missoula,MT,USA,Changing,I noticed a very dim pin point of what looked like a star go from a pin point to half the size of the moon while its light intensified,10/31/1998,11/19/1998,
Open,10/25/1996 02:00,Lake Charles,LA,USA,Changing,WITNESSED THREE STRANGE OBJECTS PUTTING OUT A VERY WHITE LIGHT THEY WERE ABOUT 45-60 FEET OFF THE GROUND WHEN FIRST SPOTTED ALSO PUT OU,11/05/1998,11/19/1998,
Open,11/07/1998 17:30,"Fullerton (from, spotted 20 deg. aboveW horizon)",CA,USA,Changing,"My UFO skeptic Mom and level headed brother observed a very large boomerang shaped object. It traveled west to east, stopped, changed s",11/07/1998,11/20/2002,
Open,11/17/1998 23:30,Morristown,TN,USA,Changing,"Had three lights alternating between red, green, and blue.  Changed shape from saucered to triangular.  ((NUFORC Note:  Star??  PD))",11/17/1998,11/19/1998,
Open,10/20/1989 18:30,Diamond Bar (on the 57),CA,USA,Changing,Very intense light moving and changing course rapidly causing cars to pull off highway and stop. All lights shot into sky getting small,12/04/1998,01/28/1999,
Open,10/16/1998 16:30,Baker/Stateline (between),CA,USA,Changing,"A watery ripple in the sky like a ribbon flapping in the wind, then forming the shape of a craft (see below)",12/11/1998,01/28/1999,
Open,12/17/1998 07:10,Decatur,AL,USA,Changing,Driving east just before dawn the sky was cloudless. Suddenly a cloud appeared very dence about the size of a football field. it was at,12/17/1998,01/28/1999,
Open,08/09/1998 11:00,Birkshire County,MA,USA,Changing,Bright object 10000-20000 + feet in eastearn sky at first statoinary then appearing in different location in general area of sky withou,12/20/1998,01/28/1999,
Open,12/22/1998 21:00,Rome (GA)/Cedar Bluff (AL),GA,USA,Changing,"At 9PM, in Cherokee, AL while leaving my lakehouse, I saw the first one hovering, then moving.  I used perspective to ensure movement. ",12/22/1998,02/16/1999,
Open,10/13/1998 02:30,Heron State Park (between Dulce and Taos),NM,USA,Changing,"Watched a strange light for about an hour. During its flight, it made numerous odd flight changes, including bouncing up and down like ",12/22/1998,02/16/1999,
Open,06/15/1989 00:00,Kansas City,MO,USA,Changing,"Tumbling, white object which appeared to be disintegrating.",01/08/1999,01/03/2001,
Open,11/23/1998 22:30,Carbondale,IL,USA,Changing,An unidentified flying object sited over Carbondale Illinois.  The object travelled from North to South in a direct path at a speed tha,11/23/1998,02/16/1999,
Open,08/19/1997 22:45,"South Normanton, Derbys (UK/England)",,United Kingdom,Changing,NOTICED ODD CLOUD SAW BRIGHT LIGHT MOVING LEFT TO RIGHT AND BACK. SOMETHING DROPPED OUT OF BASE SHIFTED OVERHEAD OF US. SHAPE OF CANDLE,01/23/1999,02/16/1999,
Open,02/15/1999 10:30,Phoenix,AZ,USA,Changing,Objects sited in residential area appeared to combine and separate as if liquid form.,02/18/1999,04/02/1999,
Open,02/22/1999 20:10,LaVerne,CA,USA,Changing,Started as a large orange sphere with some sparks coming from it . then broke into two. then four these stayed in formation then disent,02/23/1999,04/02/1999,
Open,02/25/1999 22:00,Dayton,OH,USA,Changing,three lights apeered in the sky for 30 minutes and then shot out in different directions and disapeered in the darkness.,03/23/1999,11/20/2002,
Open,01/15/1976 20:00,Thousand Oaks,CA,USA,Changing,was like a dot in the sky turn into a shape with a bird in the middle and faded to the ground,03/28/1999,06/12/2002,
Open,04/07/1999 08:40,Waikoloa,HI,USA,Changing,I was out side with a couple of my friends checking out the stars.  When we saw glowing bright light that,04/08/1999,04/26/1999,
Open,04/07/1999 08:37,Kamuela (Waimea),HI,USA,Changing,I was in the park and then i saw a bright flash and it dashed across the sky and then it disapeared,04/08/1999,04/26/1999,
Open,04/08/1999 14:30,Ridgecrest,CA,USA,Changing,"we were checking out the STELTH flying overhead when we (3 of us) seen 3 objects flying overhead ,they flew out of sight when we seen 2",04/11/1999,04/26/1999,
Open,04/09/1999 09:45,Murfeesboro,TN,USA,Changing,it started out as 2 lights with a body then it had 3 lights and lost its body.it then gaind 1 more light then the light went out the it,04/30/1999,05/24/1999,
Open,04/28/1999 20:29,Santa Cruz,CA,USA,Changing,"One large white orange to gold roundish, Looked like incoming meteor at first then slowed and did a slow complete circle up and around ",04/28/1999,05/24/1999,
Open,01/02/1978 20:00,"Victoria, Mahe (Seychelles)",,Seychelles,Changing,The UFO flew down the valley below the block of flats from which I and my friends witnessed it. At first it appeared as a triangular fo,04/24/1999,05/24/1999,
Open,08/01/1995 01:45,Van Nuys,CA,USA,Changing,"I saw this craft, it sounded like an airplane flying overhead at first, and it was shaped like a stick-figure bird (silver).  I lived o",05/01/1999,05/24/1999,
Open,12/15/1994 23:30,Knoxville,IA,USA,Changing,Hovering object seen high in night sky as a /\ (this should be like an arrowhead) changing or to a < or making a turn.,01/08/1999,05/24/1999,
Open,07/02/1997 21:00,Petaluma,CA,USA,Changing,We saw and followed a bright light for quite a number of miles on a summer evening in July of 1997.,01/01/1999,05/24/1999,
Open,12/15/1998 17:40,Saratoga Lake/Saratoga Springs,NY,USA,Changing,"While videotaping a craft hovering silently over Saratoga Lake, a second unlit craft shot up from the lake,lit up and hovered.",01/02/1999,05/24/1999,
Open,01/04/1999 21:50,Stillwater,NY,USA,Changing,"Three low,silent craft hovering,looping over each other,flaring huge,bright,then fly head-on near-collision course.Videotaped",01/06/1999,05/24/1999,
Open,05/06/1999 20:00,Delhi,CO,USA,Changing,"Bright yellow-orange light that morphed into two, then one, then faded in and out before disappearing.",05/07/1999,05/24/1999,
Open,05/08/1999 10:12,Santa Ana,CA,USA,Changing,"Time of day - 10:12am   No clouds.  No wind.  5/8/99  Santa Ana, Ca. I was on my way to the local stripmall to get an early lunch.  Bei",05/16/1999,05/24/1999,
Open,07/13/1998 02:00,San Francisco International Airport,CA,USA,Changing,"I was taking pictures of commercial airliners - arriving and departing. These crafts seemed to be ""Playing"" in and about the air traffi",07/29/1998,05/24/1999,
Open,05/07/1999 22:30,Roy,UT,USA,Changing,On a walk saw a bright light. It was blinking. It moved slowly. It fadded in and out and changed color. Looked like a maple leaf that w,05/31/1999,06/23/1999,
Open,05/30/1999 22:35,Allen,OK,USA,Changing,Saw 7 unidentified objects travelling from South-East to West over a period of 5 hours.,05/31/1999,06/23/1999,
Open,05/15/1999 02:45,Palm Desert,CA,USA,Changing,"BRIGHT ORANGE OBJECT WITH WHITE BRIGHT TRAIL TAILING FROM BEHIND LIGHTING UP THE WHOLE MOUNTAIN SIDE, TAIL DISAPERED OBJECT DIMED SLIGH",06/02/1999,06/23/1999,
Open,03/01/1999 18:00,Lumberton,MS,USA,Changing,"The night before the comet, at first that's what I thought it was. It originally appeared as a ""ball of fire"" in the sky. Then two more",06/03/1999,06/23/1999,
Open,06/06/1999 07:00,Meyers-Tahoe paradise,CA,USA,Changing,I was walking to college when I was suddenly lifted by a air bubble through a beam of light then examined and let free.,06/11/1999,06/23/1999,
Open,05/15/1976 19:00,Hydes,MD,USA,Changing,"this craft was 1000ft. in diameter. when it came over us, it stopped and then split into 4 wedge shapped craft. it split into 4, then l",06/13/1999,06/23/1999,
Open,07/22/1978 18:00,Phoenix,AZ,USA,Changing,"2 large silver craft, rotating above us. Changed shape rapidly, and disapered into the darkness in a burst of light.",06/19/1999,07/05/1999,
Open,02/28/1999 22:00,Cancun (Mexico),,Mexico,Changing,Satilite like object then growing bright changing direction and moving rapidly upwards.,07/03/1999,07/05/1999,
Open,07/05/1999 00:05,Morgantown,PA,USA,Changing,"Strange gaseous lights almost like the video I've seen of the Aurora Borealis, only I'm in Pennsylvania and it occurred in the southern",07/04/1999,07/05/1999,
Open,05/07/1999 00:30,Cherry Grove (Fire Island),NY,USA,Changing,Object looking like a comet spotted over ocean at Fire Island.,07/08/1999,07/14/1999,
Open,06/24/1999 21:00,Quincy,IL,USA,Changing,"was in the western sky, was flashing bright colors and looked as if once in a while shot off a red light. moves northwest and gets lowe",07/11/1999,07/14/1999,
Open,03/05/1988 16:30,New Brighton,PA,USA,Changing,First looked like a plane in trouble.  Then changed to a play jack shape with clustered balls in center and at end of each spoke.,07/14/1999,07/14/1999,
Open,07/18/1999 21:10,La Grande (Union County Airport),OR,USA,Changing,"Bright light traveled from North to South, decended as if to land, approached landing strip--disappeared.",07/19/1999,08/10/1999,
Open,07/22/1999 19:30,West Palm Beach,FL,USA,Changing,Black object with no discernable shape appeared North of Palm Beach International Airport at 1500 - 3000 ft. for five minutes.,07/22/1999,08/10/1999,
Open,07/15/1987 02:00,Sudbury (south of; on Hwy 69) (Canada),ON,Canada,Changing,Object paced a line of trucks for approx 1/2 hour,07/23/1999,12/02/2000,
Open,07/24/1999 00:25,Garland,TX,USA,Changing,I feel a little silly about this but I was standing on my back patio when what i thought was a plane flew from SW to NE no sound and ch,07/23/1999,08/10/1999,
Open,07/28/1999 01:00,Winlock,WA,USA,Changing,Husband saw 2 on the way home from work. We looked thre a telescope and watched the 1 move and turn corors. It was N.W. Moving S.W. The,07/28/1999,08/10/1999,
Open,11/15/1989 20:25,Dallas,TX,USA,Changing,"Object moved from E.S.E to W.N.W. Slow Speed,High Speed,No speed.Lots of color.20,000ft.up,cloudless night,no moon.8:25 p.m.- 8:35 p.m.",07/25/1999,08/10/1999,
Open,07/08/1999 22:21,Salem (NW part of town),OR,USA,Changing,At first sight looked like star but kept moving almost in triangle upward motion.  Colors kept changing as it moved upward.  Am not sur,07/27/1999,08/10/1999,
Open,08/19/1999 22:00,Vallejo,CA,USA,Changing,"bright flashing light moving erratically across the sky. when viewed on tv screen, it dances around at super speeds even in slow motion",08/20/1999,08/30/1999,
Open,08/17/1999 03:15,Moses Lake,WA,USA,Changing,3 blue/green lights (sometimes merged into one) moving absolutely silent across the sky from apx. west to east,08/20/1999,08/30/1999,
Open,07/20/1997 22:00,Buffalo,NY,USA,Changing,"AT WORK, CALLED TO ROOF. 5th. FLOOR..BYE TWO OTHER EMPLOYEES TO WATH THIS EVENT IN THE SOUTHERN SKY ??",08/24/1999,08/30/1999,
Open,08/24/1999 09:10,Merced,CA,USA,Changing,"This large craft appeared above our office this morning.  Within its short duration, the craft reduced almost all of our sunlight.  App",08/24/1999,08/30/1999,
Open,10/09/1998 16:00,Noblesville,IN,USA,Changing,translucent craft changing shape and silent,08/27/1999,08/30/1999,
Open,07/07/1999 21:00,Charlotte,NC,USA,Changing,Silent hovering glowing object,08/29/1999,08/30/1999,
Open,09/01/1999 21:40,Sacramento,CA,USA,Changing,"streaming,flow of light,similar to that of northern lights (aurora)",09/01/1999,09/12/1999,
Open,07/15/1999 21:50,Charlotte,NC,USA,Changing,Glowing object blue and white,09/06/1999,04/15/2000,
Open,09/07/1999 05:05,"Poinciana,Lake Wales,Lake Helen,Kissimmee",FL,USA,Changing,"Saw what appeared to be meteor breaking up.Changed shape to 12-24 balls of light with and with-out tails,red,yellow,green,blue.They see",09/07/1999,09/12/1999,
Open,09/01/1999 21:00,Medford,OR,USA,Changing,"My sons caretaker was standing in the parking lot in Meford, Or. last Wednesday and saw a bright orange/red ball coming over the Table ",09/08/1999,09/12/1999,
Open,09/11/1999 21:57,Kirkersville,OH,USA,Changing,"A flying object with 3-5 lights inside a changing shape, on a straight (west to east) trajectory.",09/13/1999,10/02/1999,
Open,09/14/1999 19:07,Gresham,OR,USA,Changing,"watched a black object float across the sky level while appearing to rotate on 3 axis, seperate into 2 objects, reconnect and then slow",09/14/1999,10/02/1999,
Open,09/09/1999 02:00,Mentor,OH,USA,Changing,"got up lights went out saw light outside, square balloon-shapes objcets and sm. gold discs, lights, changed shape got scared then saw b",09/15/1999,10/02/1999,
Open,09/11/1999 20:25,Spokane,WA,USA,Changing,"Watched what looked like a shooting star, kept getting bigger and faster.  Dropped for about 10 sec, then came to a complete stop.  Hov",09/15/1999,10/02/1999,
Link,Occurred,City,State,Country,Shape,Summary,Reported,Posted,Image
